station,channel,start,end,sensitivity
ATIM,HHZ,1356998400.0,,1863760000.0
GBZM,HHZ,1356998400.0,,1874490000.0
MADM,HHZ,1356998400.0,,459458000.0
ADVT,HHZ,1383919200.0,,1888100324.0
AFSR,HHZ,1480341600.0,,2343684745.0
AGRB,HHZ,1385449200.0,,1859269085.0
AKDM,HHZ,1354147200.0,,1852379429.0
ANTB,HHZ,1668770400.0,,2351763783.0
ARMT,HHZ,1381406400.0,,2341100716.0
AYDB,HHZ,1461322800.0,,1863624033.0
BALB,HHZ,1051351200.0,1066334400.0,1264497911.0
BALB,HHZ,1383919200.0,1681199400.0,1851361384.0
BAYT,HHZ,1669622400.0,,1860464172.0
BCA,HHZ,1669622400.0,,1869944318.0
BCK,HHZ,1669804200.0,1702624800.0,1876493937.0
BGKT,HHZ,1383926400.0,,1866782650.0
BLCB,HHZ,1668512400.0,,2363008407.0
BNGB,HHZ,1669716000.0,,1859566421.0
BNN,HHZ,1669716000.0,,1860083457.0
BODT,HHZ,1501113600.0,1501412400.0,1868679988.0
BODT,HHZ,1669798800.0,,2338751520.0
BOTS,HHZ,1741910400.0,,2495643303.0
BZK,HHZ,1669622400.0,,1848812792.0
CANT,HHZ,1669716000.0,,2317817991.0
CAVI,HHZ,1384160400.0,,1846311016.0
CEYT,HHZ,1669622400.0,,1864988760.0
CHBY,HHZ,1279429200.0,,2476982806.0
CHOM,HHZ,1669622400.0,,1852238645.0
CLDR,HHZ,1650614400.0,1655902800.0,2317780445.0
CLDR,HHZ,1669798800.0,,2317780445.0
CORM,HHZ,1669622400.0,1729760400.0,2343484238.0
CORM,HHZ,1729760400.0,,2558686203.0
CRLT,HHZ,1369054800.0,1370242800.0,1841770709.0
CRLT,HHZ,1383926400.0,1723680000.0,1841770709.0
CTKS,HHZ,1383926400.0,,1870639552.0
CTYL,HHZ,1386493200.0,,1855152798.0
CUKT,HHZ,1669798800.0,,1861836542.0
DALY,HHZ,1672384980.0,,1849378940.0
DARE,HHZ,1669624200.0,,2349371527.0
DAT,HHZ,1667894400.0,,618030281.2
DIKM,HHZ,1624086000.0,1634594400.0,1845351021.0
DIKM,HHZ,1669624800.0,,1845351021.0
DKL,HHZ,1672746420.0,,621624061.3
DYBB,HHZ,1669624800.0,,1857390403.0
EDC,HHZ,1383930000.0,,1853265340.0
EDRB,HHZ,1050019200.0,1066334400.0,1235243129.0
EDRB,HHZ,1383926400.0,1444046400.0,1951581141.0
EDRB,HHZ,1444809600.0,,1951581141.0
ELL,HHZ,1669625400.0,,1849861460.0
ENEZ,HHZ,1389340800.0,,1865525311.0
ERIK,HHZ,1383922800.0,,1849048086.0
ERZN,HHZ,1669716000.0,,1870964061.0
EZN,HHZ,1383919200.0,,1874408407.0
FETY,HHZ,1461416400.0,,2363706340.0
GAZ,HHZ,1643878440.0,,624233203.1
GEDZ,HHZ,1307577600.0,,2487751066.0
GELI,HHZ,1383915600.0,,1870661620.0
GEMT,HHZ,1383930000.0,1541289600.0,1866993595.0
GULA,HHZ,1279429200.0,,2471603502.0
GULT,HHZ,1383926400.0,,1849048086.0
GURO,HHZ,1319500800.0,,460077655.7
HDMB,HHZ,1444294800.0,,621043359.0
HRTX,HHZ,1383919200.0,,1862140080.0
IKL,HHZ,1669716000.0,,623146786.5
ISK,HHZ,1051905600.0,1072857600.0,1188450430.0
ISK,HHZ,1319785200.0,,1864395505.0
KAMT,HHZ,1321920000.0,,460292811.7
KARA,HHZ,1684227600.0,1772438400.0,2352350730.0
KARA,HHZ,1772438400.0,,1843907169.0
KARO,HHZ,1354060800.0,,456406522.8
KARS,HHZ,1383825600.0,,1848718198.0
KAVV,HHZ,1278320400.0,,1869440359.0
KCTX,HHZ,1383922800.0,,1853390811.0
KDZE,HHZ,1669798800.0,,1883219785.0
KIZT,HHZ,1322092800.0,1592604000.0,1829424025.0
KIZT,HHZ,1667895300.0,,1829424025.0
KLYT,HHZ,1242648000.0,1246352400.0,1879711797.0
KLYT,HHZ,1383926400.0,1545653640.0,1879807593.0
KLYT,HHZ,1545653640.0,,1853097892.0
KMRS,HHZ,1668493800.0,,1850595705.0
KONT,HHZ,1669716000.0,,1845108897.0
KOPR,HHZ,1354060800.0,,460051611.1
KOZT,HHZ,1669716000.0,,1848775159.0
KRBG,HHZ,1383930000.0,,1895780270.0
KTUT,HHZ,1568894400.0,1571054400.0,1865531359.0
KTUT,HHZ,1643879640.0,,1865531359.0
KULA,HHZ,1669629600.0,,1848708774.0
KULU,HHZ,1279429200.0,,2469162856.0
KURC,HHZ,1323907200.0,1757376000.0,1848942556.0
KURC,HHZ,1757376000.0,1770289200.0,2482214329.0
KURC,HHZ,1770289200.0,,2487303643.0
KVT,HHZ,1624048380.0,1656619200.0,1850706949.0
KVT,HHZ,1669716000.0,,1850706949.0
LADK,HHZ,1669716000.0,,1861730923.0
LAP,HHZ,1383919200.0,,1865900345.0
LOD,HHZ,1536306780.0,1537182000.0,1876919183.0
LOD,HHZ,1669716000.0,,1876919183.0
MALT,HHZ,1322265600.0,1464825600.0,1871031923.0
MDNY,HHZ,1369051200.0,,1870076727.0
MDUB,HHZ,1669631400.0,,1859476060.0
MERS,HHZ,1552550400.0,1553252400.0,1868679988.0
MERS,HHZ,1622711940.0,1655902800.0,1868679988.0
MERS,HHZ,1669798800.0,,1868679988.0
MLAZ,HHZ,1353888000.0,,454472274.7
MLSB,HHZ,1063670400.0,1066334400.0,1278096524.0
MLSB,HHZ,1669632600.0,,2345606413.0
MLTY,HHZ,1753185600.0,,2491473473.0
MRMT,HHZ,1372924800.0,,611699677.6
PHSR,HHZ,1384506000.0,1539734400.0,1874288684.0
PHSR,HHZ,1539734400.0,,1850501902.0
RKY,HHZ,1369054800.0,,625330045.2
RSDY,HHZ,1669632600.0,,1953107740.0
SARI,HHZ,1669633200.0,,1836763992.0
SAUV,HHZ,1328572800.0,1465897380.0,2476384274.0
SAUV,HHZ,1467190500.0,,2477120910.0
SENK,HHZ,1669633800.0,,619946827.7
SERE,HHZ,1279429200.0,,2461326556.0
SHUT,HHZ,1508823000.0,1510232400.0,1869370771.0
SHUT,HHZ,1649754000.0,1655902800.0,1869370771.0
SHUT,HHZ,1669798800.0,,1869370771.0
SILT,HHZ,1384495200.0,,1831210810.0
SIMA,HHZ,1311638400.0,1592604000.0,2354610867.0
SIMA,HHZ,1668499200.0,,2354610867.0
SIRT,HHZ,1686206400.0,,1856584441.0
SLVT,HHZ,1383919200.0,,1883777152.0
SPNC,HHZ,1383926400.0,1427241600.0,1853097892.0
SULT,HHZ,1622546160.0,,1853544180.0
SUTC,HHZ,1702634400.0,,1876493937.0
SVAN,HHZ,1669197600.0,,1876138666.0
SVRC,HHZ,1669716000.0,,1892342815.0
SVRH,HHZ,1198713600.0,1199707200.0,1835815294.0
SVRH,HHZ,1669634400.0,,1835815294.0
SVSK,HHZ,1669798800.0,,1867866037.0
TAHT,HHZ,1669716000.0,,1846261686.0
TASB,HHZ,1319500800.0,,459582082.3
TKR,HHZ,1739455200.0,,2493558388.0
TOKT,HHZ,1326153600.0,,454502439.5
TVSB,HHZ,1384495200.0,,621302958.1
URFA,HHZ,1669716000.0,,2325855601.0
VANB,HHZ,1052784000.0,1066334400.0,2377561296.0
VANB,HHZ,1380196800.0,,2377561296.0
VRTB,HHZ,1245913200.0,1246795200.0,1856814001.0
VRTB,HHZ,1669716000.0,1729511280.0,1856810521.0
VRTB,HHZ,1729511280.0,,1278096524.0
YAYO,HHZ,1553299200.0,,2499813133.0
YAYX,HHZ,1279429200.0,,2492496178.0
YEDI,HHZ,1669716000.0,,619145016.2
YER,HHZ,1569582900.0,1571050800.0,1278096524.0
YER,HHZ,1574240400.0,1577833200.0,461003538.6
YER,HHZ,1669874400.0,,461003538.6
YESY,HHZ,1279429200.0,,2476384274.0
YLV,HHZ,1325844000.0,1333641600.0,621043359.0
YLV,HHZ,1383926400.0,,622635810.9
YOZ,HHZ,1323734400.0,,1871222623.0
