station,noise_m
ADVT,1.0008812348179804e-07
AFSR,1.1102799678674389e-07
AGRB,1.1532071688041702e-07
AKDG,2.2036742594371608e-07
AKDM,1.1056415519616133e-07
ANTB,3.630938884860771e-07
APMY,2.365890018864767e-07
ARGN,1.8896488757379184e-08
ARMT,1.1871749358383999e-07
AYDB,1.1082007978665096e-07
AYVL,2.6893685729973488e-08
BABD,1.5980441089769917e-07
BAKL,1.811339328348821e-07
BAYT,3.505485596392565e-08
BCA,8.481874900722273e-08
BGKT,1.3244420310933754e-07
BLCB,1.1648987271763473e-07
BLVD,1.5137858520958684e-07
BNGB,8.15786482081749e-08
BNN,8.178787101006709e-08
BODT,1.614587160569442e-07
BOLI,1.57381386669525e-08
BOTS,2.4086596815915744e-07
BZK,2.3128309091216695e-07
CANT,1.3393005232661316e-07
CAYL,8.758193649088157e-09
CEYT,1.4151225463245555e-07
CHBY,2.6108847304675467e-07
CHOM,1.1867170346537901e-07
CLDR,8.030737012051278e-08
CORM,2.3681002037529047e-07
CTKS,5.28957825226598e-09
CTYL,1.319844995121928e-07
CUKT,7.508882357828002e-08
DALY,1.6589329199409074e-07
DARE,1.0313293396380393e-07
DAT,8.168889663526491e-09
DIKM,1.9171571302270253e-07
DIVR,2.799839590168911e-07
DKL,1.7825190232983067e-07
DYBB,1.3872942995489194e-07
EDC,1.3136284631191936e-07
EDRB,1.742622425794838e-07
ELL,1.2161975292973232e-07
ENEZ,1.8181178882634717e-07
ERIK,1.26869153265779e-07
ERZN,9.327150608616654e-08
EZN,1.3973130374622828e-07
FETY,1.3778683370635662e-07
GADA,2.042898929004505e-07
GAZ,1.0325632442821577e-07
GAZK,2.3927233825113495e-07
GEDZ,2.9697539230064976e-07
GELI,1.3625585184410397e-07
GEML,1.0806852121789397e-07
GERE,1.5154385146657883e-08
GULA,3.657094016603741e-07
GULT,1.4145222818271916e-07
GURO,8.323202190580971e-08
HDMB,1.0960643380570993e-07
HRTX,1.3672926211778507e-07
IKL,1.1155355999362733e-07
ISK,1.2193933468965397e-07
KAMT,8.317993677582608e-08
KARA,1.167183791305029e-07
KARO,1.323827119020106e-07
KARS,1.3974700262144504e-07
KAVV,1.3605148140192315e-07
KBAN,3.6901775419547584e-07
KCTX,1.09431083106656e-07
KDZE,5.3915455820266256e-08
KIZT,1.1628251769091806e-07
KLYT,1.6624037940351457e-07
KMAH,1.4598769706097023e-07
KMRS,9.859859252250893e-08
KONT,1.0275229093810629e-07
KOPR,1.5689761622554313e-07
KOZT,9.091769956616454e-08
KRBG,3.0444995400264036e-07
KTUT,1.5695451635621103e-07
KULA,9.814784334779713e-08
KULU,9.482429423182589e-08
KURC,2.543206006802418e-07
KVT,1.3989081820018008e-07
LADK,1.0657112532367065e-07
LAP,2.3807427407113783e-07
LICE,8.925553643783167e-08
LMOS,1.6139696444000098e-07
LOD,1.0302525631744311e-07
MDNY,1.537531467839168e-07
MDUB,1.1970294129735872e-07
MERS,1.1260123876615962e-07
MLAZ,1.56099066359608e-07
MLSB,1.4213703733373132e-07
MLTY,1.7704917235355478e-07
MRMT,1.2906405723566925e-07
NMR2,4.586723235520913e-07
NMR3,2.2939839946933086e-07
NMR4,2.544255375413207e-07
NMR5,3.03414323775505e-07
NMR6,3.931488116528697e-07
NMR7,3.294602023676834e-07
NMR8,2.3795021255105702e-07
NMR9,2.399694839770019e-07
NURH,2.025096100434322e-07
OSMA,1.948291983222305e-07
PERB,9.76076090779248e-07
PHSR,1.374186347641599e-07
POLA,1.0643020621160707e-08
RKY,1.4154483275116225e-07
RSDY,1.0072490130779439e-07
RUZG,1.2057607435020057e-07
SARI,8.764072392279753e-08
SAUV,2.8649043992331247e-07
SDAG,1.2695517129664727e-07
SENK,9.135997151140308e-08
SERE,2.320843222276419e-07
SERH,1.7273627177235518e-07
SHUT,1.1460136341249703e-07
SILT,2.3205775702120663e-07
SIMA,3.135457379496833e-07
SINE,4.251504144413901e-09
SIRT,4.130032936244748e-07
SLVT,2.73265454138468e-07
SNOP,2.677148257936221e-07
SULT,1.4961060452397706e-07
SUTC,9.164042741440205e-08
SVAN,1.0036049752700493e-07
SVRC,7.037598615707927e-08
SVRH,8.309554288102505e-08
SVSK,7.35563391733657e-08
TAHT,1.3418078533782346e-07
TASB,1.2673934529023638e-07
TKR,2.3134086581219506e-07
TOKT,1.1598736795133153e-08
TVSB,1.0182719534324526e-07
URFA,1.029912866531374e-07
UVEZ,2.153803802367399e-07
VANB,8.2037937980723e-08
VRTB,8.214232599099903e-08
YALI,2.5769882302426856e-07
YAYO,1.4319861550204825e-07
YAYX,2.814182228530201e-07
YEDI,8.618900687887592e-09
YER,1.5029555162490144e-07
YESY,3.2597089669641405e-07
YLV,9.535562095722392e-08
YOZ,8.329640960557676e-08
