station,tau_s,term
ADVT,1.0,0.0972105565289022
AFSR,1.0,0.16525808754249177
AKDG,1.0,0.17275612944733476
AKDM,1.0,0.15945011564405312
ANTB,1.0,0.1999454300837731
APMY,1.0,-0.09010329751535275
ARGN,1.0,0.02637376402996022
ARMT,1.0,-0.06386369230824818
AYDB,1.0,0.05870644227712902
BABD,1.0,0.01996809057055324
BAKL,1.0,0.07935713619485404
BAYT,1.0,-0.4335541058889254
BCA,1.0,0.14613010130769552
BGKT,1.0,0.14906730354448583
BLCB,1.0,0.1523542096060721
BLVD,1.0,0.22223269901382986
BNGB,1.0,-0.1423159490363208
BNN,1.0,-0.2548509786978449
BODT,1.0,0.008951280952696213
BOLI,1.0,0.07468154282389881
BOTS,1.0,0.04363992046177879
CAYL,1.0,-0.033645765049333615
CEYT,1.0,-0.0604023451620847
CHBY,1.0,0.24616471550020178
CHOM,1.0,0.4668713538039019
CLDR,1.0,0.19390640716763133
CORM,1.0,0.2772697401189643
CTKS,1.0,-3.1341375073510713
CUKT,1.0,0.12024941097424918
DALY,1.0,0.06328692209672947
DARE,1.0,-0.2650625728909166
DAT,1.0,-2.627663478241968
DIKM,1.0,0.07013986196559344
DKL,1.0,0.101843220630596
DYBB,1.0,0.3731019962855491
EDC,1.0,0.1479632383648839
EDRB,1.0,-0.2349339311303224
ELL,1.0,-0.10012415542142113
ENEZ,1.0,0.05388040372110863
ERIK,1.0,0.20477997600927836
ERZN,1.0,-0.07627264352263564
EZN,1.0,0.06322308961223129
GADA,1.0,-0.12222370579765697
GAZ,1.0,-0.06248981884964305
GAZK,1.0,0.24852983582865393
GEDZ,1.0,0.22959860828345308
GERE,1.0,0.0017572259305256752
GULA,1.0,0.15806665682177004
GULT,1.0,0.3513266986529622
GURO,1.0,0.3396074461704775
HDMB,1.0,0.1430775615619571
HRTX,1.0,0.036799678544210374
IKL,1.0,0.09435373020990774
ISK,1.0,-0.0021708466429759482
KAMT,1.0,0.19517401627460973
KARA,1.0,-0.17500237767843815
KARO,1.0,0.39847453566383995
KBAN,1.0,-0.0003772996872583143
KCTX,1.0,0.22385916227638
KDZE,1.0,-0.5494665551756223
KIZT,1.0,0.0025050705530353136
KMRS,1.0,-0.080229174684451
KONT,1.0,0.23381693594072203
KOPR,1.0,0.27407493082461104
KOZT,1.0,-0.2797266663813127
KRBG,1.0,0.05287601151767473
KTUT,1.0,0.06711730100383118
KULA,1.0,0.14159154499796323
KULU,1.0,-0.2857496768971789
KVT,1.0,0.2175022338061068
LADK,1.0,0.10442916883610713
LAP,1.0,0.2665010964178937
LMOS,1.0,0.2553365544696109
LOD,1.0,-0.30177243764757333
MDNY,1.0,0.39710013222570356
MDUB,1.0,0.46644684763084954
MLAZ,1.0,0.297868092450957
MLSB,1.0,-0.06106527911191203
MLTY,1.0,0.07672449487652667
MRMT,1.0,0.07020098422773846
NMR2,1.0,0.43200873489490205
NMR4,1.0,0.048331838555931206
NMR5,1.0,-0.024017626451465768
NMR6,1.0,0.45128920088232916
NMR7,1.0,0.17103938177617659
NMR8,1.0,0.01017841267644203
OSMA,1.0,0.6197030285356278
PERB,1.0,0.5162846653409459
PHSR,1.0,-0.019488994299228724
POLA,1.0,-0.22893070107708577
RKY,1.0,0.1038615054093204
RSDY,1.0,0.3004990580832478
RUZG,1.0,0.24806978737322513
SAUV,1.0,0.4177241494844852
SDAG,1.0,0.21903848835789805
SENK,1.0,0.2875045845212781
SERE,1.0,0.307920393355266
SERH,1.0,0.01550602355015562
SHUT,1.0,0.1863532943234396
SILT,1.0,0.3923090682406968
SIMA,1.0,0.30235804848906306
SINE,1.0,-0.31084432976625465
SIRT,1.0,0.16865379405184028
SLVT,1.0,0.2899577723368485
SULT,1.0,0.1839361667491579
SUTC,1.0,-0.06623810912584116
SVAN,1.0,0.23429228292214394
SVRC,1.0,-0.0050580069586187775
SVRH,1.0,-0.018950857202295456
SVSK,1.0,-0.42915794776931027
TASB,1.0,0.1785610174513788
TKR,1.0,0.04114757810149048
TOKT,1.0,-4.29968960542139
URFA,1.0,0.029535095327906827
UVEZ,1.0,0.24198631319612227
VANB,1.0,-0.002712443799126411
VRTB,1.0,-0.17241051756173648
YALI,1.0,0.015362397440896066
YAYO,1.0,0.181155190035937
YAYX,1.0,0.026367003714825678
YEDI,1.0,-1.4739280106284944
YER,1.0,-0.0012494150397443732
YESY,1.0,-0.042480973986590766
YLV,1.0,0.1604801091937946
YOZ,1.0,0.24746477501466357
ADVT,2.0,0.12363419333999805
AFSR,2.0,0.1647906512788163
AKDG,2.0,0.18700172753587913
AKDM,2.0,0.18576096359502442
ANTB,2.0,0.11687375136453512
APMY,2.0,-0.02501744818190829
ARGN,2.0,0.00260374142635945
ARMT,2.0,0.10522484519051928
AYDB,2.0,0.13844372742227257
BABD,2.0,0.01776317324926237
BAKL,2.0,0.04720384747050458
BAYT,2.0,-0.21236956745202287
BCA,2.0,0.18316908254596329
BGKT,2.0,0.10939970010455614
BLCB,2.0,0.1254502332091881
BLVD,2.0,0.14883465658987313
BNGB,2.0,-0.11332144009172009
BNN,2.0,-0.20167335899693523
BODT,2.0,-0.04517069818523098
BOLI,2.0,0.02202891432383135
BOTS,2.0,-0.04765578324207573
CAYL,2.0,-0.02483098077385979
CEYT,2.0,-0.07414870103256775
CHBY,2.0,0.1532673420003394
CHOM,2.0,0.5102939743201177
CLDR,2.0,0.19757996933690203
CORM,2.0,0.21463844009239622
CTKS,2.0,-3.315674486251113
CUKT,2.0,0.09715239368974377
DALY,2.0,0.05548227547444279
DARE,2.0,-0.26321475098025304
DAT,2.0,-2.8826262928271857
DIKM,2.0,0.35032975006713085
DKL,2.0,0.1050913854554714
DYBB,2.0,0.2842773572191391
EDC,2.0,0.06908873701804816
EDRB,2.0,-0.2611250322530091
ELL,2.0,-0.1507648677865975
ENEZ,2.0,-0.005911387896778081
ERIK,2.0,0.1510024792032735
ERZN,2.0,-0.04473481066158567
EZN,2.0,-0.0035954450158921605
GADA,2.0,-0.19237625568850852
GAZ,2.0,-0.04475645614458145
GAZK,2.0,0.21302348517951872
GEDZ,2.0,0.312610409218303
GERE,2.0,0.09251263402809742
GULA,2.0,0.2687536747227715
GULT,2.0,0.34097669697603317
GURO,2.0,0.29745437158864135
HDMB,2.0,0.09007696187847118
HRTX,2.0,-0.027837938112075165
IKL,2.0,0.07256277160078067
ISK,2.0,-0.03966027636023824
KAMT,2.0,0.16226544598244416
KARA,2.0,-0.22159778589175916
KARO,2.0,0.3939440280066276
KBAN,2.0,0.028755572349373624
KCTX,2.0,0.17753569760073318
KDZE,2.0,-0.5822716572105608
KIZT,2.0,0.056672005391145745
KMRS,2.0,-0.05257571811845779
KONT,2.0,0.22595976549231742
KOPR,2.0,0.32044081395293184
KOZT,2.0,-0.2571608297542508
KRBG,2.0,-0.023456063930220417
KTUT,2.0,0.07280050250123536
KULA,2.0,0.1090060249307666
KULU,2.0,-0.1375117252798417
KVT,2.0,0.16869022565425187
LADK,2.0,0.14023598150620484
LAP,2.0,0.21525309602924242
LMOS,2.0,0.1610210309910393
LOD,2.0,-0.09151112183270664
MDNY,2.0,0.4752299706338818
MDUB,2.0,0.4676919558802898
MLAZ,2.0,0.3228265890802362
MLSB,2.0,-0.07374138256411007
MLTY,2.0,0.036873060075083855
MRMT,2.0,0.03481810901609337
NMR2,2.0,0.3384155188645413
NMR4,2.0,0.002895139863511666
NMR5,2.0,-0.03003006426730767
NMR6,2.0,0.37093745779770815
NMR7,2.0,0.08089166555601353
NMR8,2.0,0.026995913970736692
OSMA,2.0,0.5933663858398417
PERB,2.0,0.907064356703899
PHSR,2.0,-0.09847509184357721
POLA,2.0,-0.17074729469026037
RKY,2.0,0.02328206429147262
RSDY,2.0,0.33397646193483305
RUZG,2.0,0.22064084637863204
SAUV,2.0,0.33272856861473543
SDAG,2.0,0.19423834842829354
SENK,2.0,0.3022420672735976
SERE,2.0,0.3859042827220596
SERH,2.0,0.0028457182350235238
SHUT,2.0,0.2521069235372976
SILT,2.0,0.3334365133626412
SIMA,2.0,0.2694476700261573
SINE,2.0,-0.31298592335218456
SIRT,2.0,0.11764665882681064
SLVT,2.0,0.2212305327699052
SULT,2.0,0.20727987916680068
SUTC,2.0,-0.08255892270390272
SVAN,2.0,0.20395603013390098
SVRC,2.0,0.02523010354712436
SVRH,2.0,0.08254872038302777
SVSK,2.0,-0.16309239157002983
TASB,2.0,0.13817792744524235
TKR,2.0,0.005543532563473909
TOKT,2.0,-4.413986700256639
URFA,2.0,0.130306382786846
UVEZ,2.0,0.3214444765907843
VANB,2.0,-0.07684445149496034
VRTB,2.0,-0.13939070491774813
YALI,2.0,0.2210704982465775
YAYO,2.0,0.2789228792737077
YAYX,2.0,0.047187750721304246
YEDI,2.0,-1.4755351653262634
YER,2.0,-0.017930636828365928
YESY,2.0,-0.11933714328193273
YLV,2.0,0.1420691933635303
YOZ,2.0,0.27878337995153585
ADVT,3.0,0.07956966552273859
AFSR,3.0,0.19937919683832875
AKDG,3.0,0.17178920085626848
AKDM,3.0,0.16749545568330185
ANTB,3.0,0.12729784520082457
APMY,3.0,0.0025414569548284113
ARGN,3.0,-0.021326478972863477
ARMT,3.0,0.267374739728838
AYDB,3.0,0.17823589849534993
BABD,3.0,0.05210271414556722
BAKL,3.0,0.0464436383613421
BAYT,3.0,-0.13029755826795733
BCA,3.0,0.1076958341276946
BGKT,3.0,0.057186309707117924
BLCB,3.0,0.11157192810087667
BLVD,3.0,0.2515776647605039
BNGB,3.0,-0.09060377436585856
BNN,3.0,-0.1348487755552735
BODT,3.0,-0.05443917479263012
BOLI,3.0,-0.00245665352619672
BOTS,3.0,-0.008876885157489906
CAYL,3.0,-0.05002952153778194
CEYT,3.0,-0.06666395566015576
CHBY,3.0,0.10762761461819141
CHOM,3.0,0.4665951510179365
CLDR,3.0,0.20778688979707774
CORM,3.0,0.21331281367766528
CTKS,3.0,-3.198344124463566
CUKT,3.0,0.0981092033676707
DALY,3.0,0.022245399489917963
DARE,3.0,-0.24795603398505717
DAT,3.0,-3.047517897633455
DIKM,3.0,0.3478470301585903
DKL,3.0,0.09303065476995699
DYBB,3.0,0.26518691759223895
EDC,3.0,0.02932540648462145
EDRB,3.0,-0.3579914312426394
ELL,3.0,-0.17710045357565754
ENEZ,3.0,0.010768503577780952
ERIK,3.0,0.08069050590088933
ERZN,3.0,-0.024340950112861023
EZN,3.0,-0.05395051430693892
GADA,3.0,-0.03056035684505796
GAZ,3.0,-0.044201208852493304
GAZK,3.0,0.2353773227940269
GEDZ,3.0,0.30497421611199355
GERE,3.0,0.1104728873576742
GULA,3.0,0.23528344641595514
GULT,3.0,0.377354713175966
GURO,3.0,0.29942836356634395
HDMB,3.0,0.019819941628549786
HRTX,3.0,-0.013765118710413105
IKL,3.0,0.0344352779459469
ISK,3.0,-0.05830429499104375
KAMT,3.0,0.12524767520024013
KARA,3.0,-0.1368197233753658
KARO,3.0,0.39203287078328
KBAN,3.0,0.05030248449795482
KCTX,3.0,0.14272562434773198
KDZE,3.0,-0.6098463675471454
KIZT,3.0,0.10507583146902384
KMRS,3.0,-0.05035943161270177
KONT,3.0,0.1938502850588159
KOPR,3.0,0.32194511814145266
KOZT,3.0,-0.2188743832634466
KRBG,3.0,-0.042739650498023085
KTUT,3.0,0.0349092327998058
KULA,3.0,0.09649083977068165
KULU,3.0,-0.2190622275274785
KVT,3.0,0.14695858908324425
LADK,3.0,0.06598890441702955
LAP,3.0,0.25140833089429465
LMOS,3.0,0.20670247247303647
LOD,3.0,-0.08584730064235298
MDNY,3.0,0.43232692413364465
MDUB,3.0,0.4563736026180684
MLAZ,3.0,0.33485825322133306
MLSB,3.0,-0.07004954587732486
MLTY,3.0,0.04331413095556315
MRMT,3.0,0.018048698891679628
NMR2,3.0,0.3177012101751983
NMR4,3.0,0.021334485650203152
NMR5,3.0,0.023733137647817093
NMR6,3.0,0.3521209078358343
NMR7,3.0,0.15754922065358248
NMR8,3.0,-0.007099856847712488
OSMA,3.0,0.5502268910232777
PERB,3.0,0.926870372776096
PHSR,3.0,-0.09977247290709124
POLA,3.0,-0.10546178209175718
RKY,3.0,0.013976587148496263
RSDY,3.0,0.33780176682250995
RUZG,3.0,0.20504527383590634
SAUV,3.0,0.28189625818573516
SDAG,3.0,0.195148945914045
SENK,3.0,0.25726519319613916
SERE,3.0,0.3768641756621974
SERH,3.0,0.012116797586327074
SHUT,3.0,0.28991502808595726
SILT,3.0,0.3052115246992191
SIMA,3.0,0.2279363166860977
SINE,3.0,-0.29527857045742806
SIRT,3.0,0.18104346870893964
SLVT,3.0,0.18538117072165225
SULT,3.0,0.18779306770206616
SUTC,3.0,-0.08411760183803645
SVAN,3.0,0.1722724463135862
SVRC,3.0,0.0483876435372327
SVRH,3.0,0.07436798105499705
SVSK,3.0,-0.13060453868671504
TASB,3.0,0.17671694535028823
TKR,3.0,-0.035541210623347294
TOKT,3.0,-4.275362248520482
URFA,3.0,0.16349909398942858
UVEZ,3.0,0.3558329316670391
VANB,3.0,-0.09977230709451346
VRTB,3.0,-0.1522625091919341
YALI,3.0,0.2667787892799362
YAYO,3.0,0.25086659682013634
YAYX,3.0,0.029648531816190746
YEDI,3.0,-1.5330202223495952
YER,3.0,0.02961686321696019
YESY,3.0,-0.14607291742781597
YLV,3.0,0.18342672509784008
YOZ,3.0,0.25469081096345025
ADVT,4.0,0.08841532955884933
AFSR,4.0,0.17385999322250234
AKDG,4.0,0.19216539803170604
AKDM,4.0,0.15612082034429792
ANTB,4.0,0.12105447450591592
APMY,4.0,-0.009096125034925693
ARGN,4.0,-0.053878506624648166
ARMT,4.0,0.24813483640316553
AYDB,4.0,0.16591235251095715
BABD,4.0,0.012626390589977082
BAKL,4.0,0.056726924635515895
BAYT,4.0,-0.1434578247509242
BCA,4.0,0.07391258667996428
BGKT,4.0,0.07041894813296783
BLCB,4.0,0.09001325852770388
BLVD,4.0,0.2616263141708546
BNGB,4.0,-0.11515963317165555
BNN,4.0,-0.09656149887797871
BODT,4.0,-0.07692565141644282
BOLI,4.0,0.0160327921951075
BOTS,4.0,0.0945386000221494
CAYL,4.0,-0.08193811348499597
CEYT,4.0,-0.06062921950097483
CHBY,4.0,0.06392940677987147
CHOM,4.0,0.4069634732324168
CLDR,4.0,0.2183123735845295
CORM,4.0,0.1784635296566545
CTKS,4.0,-2.124380411300693
CUKT,4.0,0.08562909059046586
DALY,4.0,-0.004090854782474453
DARE,4.0,-0.20197602565725323
DAT,4.0,-3.195471352915755
DIKM,4.0,0.28457023940503634
DKL,4.0,0.0768090418250121
DYBB,4.0,0.22807445855830122
EDC,4.0,0.006901852784751495
EDRB,4.0,-0.40214946120721856
ELL,4.0,-0.19834588031581493
ENEZ,4.0,0.13739326492539541
ERIK,4.0,0.15449567842675271
ERZN,4.0,-0.03850375315565798
EZN,4.0,-0.07099811549340532
GADA,4.0,-0.03133309114665261
GAZ,4.0,-0.024291807421264775
GAZK,4.0,0.211953733560473
GEDZ,4.0,0.2740396133028765
GERE,4.0,0.09674548870875975
GULA,4.0,0.18160370459731415
GULT,4.0,0.3756453484084379
GURO,4.0,0.25148730285822146
HDMB,4.0,0.01399423918176353
HRTX,4.0,0.05594410422844051
IKL,4.0,-0.0032987923693759092
ISK,4.0,-0.11070444949813386
KAMT,4.0,0.11298932004676084
KARA,4.0,-0.05953478062084458
KARO,4.0,0.3650250898605718
KBAN,4.0,0.073364105298335
KCTX,4.0,0.11134436416934512
KDZE,4.0,-0.5928651114818684
KIZT,4.0,0.08669912110662616
KMRS,4.0,-0.05710409656603722
KONT,4.0,0.14238308643579511
KOPR,4.0,0.29305003904366983
KOZT,4.0,-0.16078044605660227
KRBG,4.0,-0.009946782463423906
KTUT,4.0,0.01839196644484544
KULA,4.0,0.07378756961893548
KULU,4.0,-0.1821918133944114
KVT,4.0,0.13476923671236496
LADK,4.0,0.049695960703427064
LAP,4.0,0.20496033844336053
LMOS,4.0,0.1832174027548343
LOD,4.0,0.03696735127136787
MDNY,4.0,0.4088139719573679
MDUB,4.0,0.4386204703570018
MLAZ,4.0,0.30315426900669457
MLSB,4.0,-0.07585552390783833
MLTY,4.0,0.1206397206211909
MRMT,4.0,0.011601598441140561
NMR2,4.0,0.3145627015267772
NMR4,4.0,-0.013707437804637209
NMR5,4.0,0.030948954170605426
NMR6,4.0,0.31754674961611973
NMR7,4.0,0.12848686067178788
NMR8,4.0,-0.00863822767450408
OSMA,4.0,0.5609044616515223
PERB,4.0,0.9563918810721938
PHSR,4.0,-0.1531538521292182
POLA,4.0,-0.11444037657758976
RKY,4.0,0.007015529513037455
RSDY,4.0,0.30798617690748886
RUZG,4.0,0.16685928143866233
SAUV,4.0,0.23414373223296822
SDAG,4.0,0.18327141254386406
SENK,4.0,0.19790186341547056
SERE,4.0,0.3499474985815821
SERH,4.0,-0.0056542366439035745
SHUT,4.0,0.286836438355375
SILT,4.0,0.2675600974078631
SIMA,4.0,0.14859719010962816
SINE,4.0,-0.30833479365281624
SIRT,4.0,0.12376707999353113
SLVT,4.0,0.13919774926585327
SULT,4.0,0.22593056586393628
SUTC,4.0,-0.07629175734650741
SVAN,4.0,0.12723935705225842
SVRC,4.0,0.037898938919818055
SVRH,4.0,0.07693941704509259
SVSK,4.0,-0.14154953372872878
TASB,4.0,0.1938809160047656
TKR,4.0,-0.034256074275203816
TOKT,4.0,-4.338144011488709
URFA,4.0,0.13358494276649333
UVEZ,4.0,0.33499068186844716
VANB,4.0,-0.10040203772821171
VRTB,4.0,-0.15381814112314726
YALI,4.0,0.2660930515479479
YAYO,4.0,0.21728399158769385
YAYX,4.0,0.037604574495549145
YEDI,4.0,-1.5498994990592314
YER,4.0,0.004306314743582622
YESY,4.0,0.14993091815750098
YLV,4.0,0.14750352874984018
YOZ,4.0,0.210673031790074
ADVT,5.0,0.08204945957425404
AFSR,5.0,0.14761563082799636
AKDG,5.0,0.20084304206188608
AKDM,5.0,0.11129747710992934
ANTB,5.0,0.1306211533858758
APMY,5.0,0.026607210144117186
ARGN,5.0,-0.08938817831185437
ARMT,5.0,0.20491064062964856
AYDB,5.0,0.13752841443908587
BABD,5.0,0.0051081526817544996
BAKL,5.0,0.025794285725235573
BAYT,5.0,-0.16713877175272396
BCA,5.0,0.07115800091978657
BGKT,5.0,0.040198740892799706
BLCB,5.0,0.06885524745710722
BLVD,5.0,0.18760478515996135
BNGB,5.0,-0.11840368057550052
BNN,5.0,-0.1241059851789018
BODT,5.0,-0.07254740253343431
BOLI,5.0,-0.02190590598505907
BOTS,5.0,0.0870347981543847
CAYL,5.0,-0.1375620976017082
CEYT,5.0,-0.07851891305028341
CHBY,5.0,0.03761082786784007
CHOM,5.0,0.34528680607068296
CLDR,5.0,0.18181466281503822
CORM,5.0,0.1448415821629719
CTKS,5.0,-2.1849104998504414
CUKT,5.0,0.07053621822334093
DALY,5.0,-0.019745543636990753
DARE,5.0,-0.17257422467420627
DAT,5.0,-3.304940223276786
DIKM,5.0,0.22709401022717848
DKL,5.0,0.055541641506950165
DYBB,5.0,0.19201344209731488
EDC,5.0,-0.01915740227421349
EDRB,5.0,-0.4793375851066758
ELL,5.0,-0.19540365553982922
ENEZ,5.0,0.11629981189075697
ERIK,5.0,0.10806312660329619
ERZN,5.0,-0.07550114915455994
EZN,5.0,-0.10232129132035725
GADA,5.0,-0.04473645774747682
GAZ,5.0,-0.0320585218881018
GAZK,5.0,0.22981632810380598
GEDZ,5.0,0.245072643507476
GERE,5.0,0.0765192144068501
GULA,5.0,0.11124826047564527
GULT,5.0,0.37500793524551174
GURO,5.0,0.20344364942919307
HDMB,5.0,0.021684903162683025
HRTX,5.0,-0.003534010184704394
IKL,5.0,0.0726111088332206
ISK,5.0,0.0686702572236869
KAMT,5.0,0.11596135295573846
KARA,5.0,-0.07281349346574892
KARO,5.0,0.3270123562169092
KBAN,5.0,0.0724219665275285
KCTX,5.0,0.07523070783704038
KDZE,5.0,-0.62842676575747
KIZT,5.0,0.07658982193505606
KMRS,5.0,-0.09544401181847512
KONT,5.0,0.12700973630478193
KOPR,5.0,0.29098414736080075
KOZT,5.0,-0.18049564441023347
KRBG,5.0,-0.029899926220396805
KTUT,5.0,-0.06009684047654882
KULA,5.0,0.03545837284535535
KULU,5.0,-0.23150062489926268
KVT,5.0,0.11962355463139096
LADK,5.0,0.005121746105158666
LAP,5.0,0.17623612651513476
LMOS,5.0,0.19445620101527716
LOD,5.0,0.0655822616837409
MDNY,5.0,0.37069913647573804
MDUB,5.0,0.40630545783607425
MLAZ,5.0,0.29877997760274777
MLSB,5.0,-0.10970695147350192
MLTY,5.0,0.10068133078353135
MRMT,5.0,-0.020399824813752205
NMR2,5.0,0.29699409387802855
NMR4,5.0,-0.0032948579071545607
NMR5,5.0,0.07373836464433153
NMR6,5.0,0.30843078097721344
NMR7,5.0,0.1534198597267157
NMR8,5.0,-0.03636721562060329
OSMA,5.0,0.5604018855769243
PERB,5.0,0.902516898738357
PHSR,5.0,-0.20259389392299706
POLA,5.0,-0.13730420937871934
RKY,5.0,-0.008828415288128874
RSDY,5.0,0.26921269264706116
RUZG,5.0,0.13408594413578798
SAUV,5.0,0.21967928385323093
SDAG,5.0,0.14864961359833187
SENK,5.0,0.1828160150078685
SERE,5.0,0.3104144918762294
SERH,5.0,-0.01673925583696606
SHUT,5.0,0.2422553034527658
SILT,5.0,0.3391403501372584
SIMA,5.0,0.07164099971274321
SINE,5.0,-0.3468892503915352
SIRT,5.0,0.14870862119674466
SLVT,5.0,0.08712117097678893
SULT,5.0,0.27872301272214395
SUTC,5.0,-0.10476160162637164
SVAN,5.0,0.08567151639895958
SVRC,5.0,0.013197893256869125
SVRH,5.0,0.07713619641556538
SVSK,5.0,-0.1808163535985576
TASB,5.0,0.1684454846501754
TKR,5.0,-0.029676935748226926
TOKT,5.0,-1.7448775799384435
URFA,5.0,0.1122224030029603
UVEZ,5.0,0.27385637951300573
VANB,5.0,-0.1510823914020939
VRTB,5.0,-0.18335493101071715
YALI,5.0,0.21145405426878364
YAYO,5.0,0.17612329578802605
YAYX,5.0,0.07552057996194113
YEDI,5.0,-1.606323027390802
YER,5.0,-0.01179479776592931
YESY,5.0,0.1277978179047057
YLV,5.0,0.13219336976190402
YOZ,5.0,0.18715490220082331
ADVT,7.0,0.036221857603309336
AFSR,7.0,0.11359425270010882
AKDG,7.0,0.21729335806502123
AKDM,7.0,0.1483234228527324
ANTB,7.0,0.2517145366179499
APMY,7.0,0.04434139095594075
ARGN,7.0,-0.1329653344505597
ARMT,7.0,0.15176979204500496
AYDB,7.0,0.12078644567055663
BABD,7.0,-0.004575828910029349
BAKL,7.0,0.009642500961442516
BAYT,7.0,-0.19558210822906388
BCA,7.0,0.042563271509344615
BGKT,7.0,0.026922039485706886
BLCB,7.0,0.043252957690303545
BLVD,7.0,0.11441551772034668
BNGB,7.0,-0.00022361800720289467
BNN,7.0,-0.14780575142863064
BODT,7.0,-0.06175807086791502
BOLI,7.0,-0.10157523537538443
BOTS,7.0,0.049144098366318084
CAYL,7.0,-0.20074753320472208
CEYT,7.0,-0.07063147994227582
CHBY,7.0,-0.026509092281925932
CHOM,7.0,0.33939967007678523
CLDR,7.0,0.18210605972492877
CORM,7.0,0.10464756472829227
CTKS,7.0,-2.255315293134834
CUKT,7.0,0.08668769267618795
DALY,7.0,0.04753284519102577
DARE,7.0,-0.12558279810958903
DAT,7.0,-3.0979445184693897
DIKM,7.0,0.17182819965050367
DKL,7.0,0.023940552621982105
DYBB,7.0,0.16787058874701113
EDC,7.0,-0.04145665394684076
EDRB,7.0,0.12455312417485088
ELL,7.0,-0.1466379216453928
ENEZ,7.0,0.17370415230485092
ERIK,7.0,0.11269622190899545
ERZN,7.0,-0.07157862308091838
EZN,7.0,-0.06356593511637867
GADA,7.0,-0.08157311008992563
GAZ,7.0,-0.03589391931865345
GAZK,7.0,0.21008281915878868
GEDZ,7.0,0.2712819733321356
GERE,7.0,0.07043612828576085
GULA,7.0,0.2842377663466696
GULT,7.0,0.3432838681145893
GURO,7.0,0.1733780425775305
HDMB,7.0,0.043789721565935906
HRTX,7.0,-0.005486317661966403
IKL,7.0,0.0368589664511626
ISK,7.0,0.008735517096981857
KAMT,7.0,0.06839550908219799
KARA,7.0,-0.09850580773973003
KARO,7.0,0.30995534941621466
KBAN,7.0,0.2676279530525158
KCTX,7.0,0.041410539010441345
KDZE,7.0,-0.4458609407030767
KIZT,7.0,0.09816248930816047
KMRS,7.0,-0.10751316750862089
KONT,7.0,0.11960856519482216
KOPR,7.0,0.2809648947107601
KOZT,7.0,-0.13657770399655894
KRBG,7.0,-0.02314950944657104
KTUT,7.0,-0.05657280342834182
KULA,7.0,-0.00833030195818753
KULU,7.0,-0.2685282349285247
KVT,7.0,0.08104293315282975
LADK,7.0,0.07496091528544203
LAP,7.0,0.16594655770252695
LMOS,7.0,0.1695511678014562
LOD,7.0,0.08748637416635308
MDNY,7.0,0.34780857188267666
MDUB,7.0,0.3705010694196844
MLAZ,7.0,0.29723703574016813
MLSB,7.0,-0.06298989176662718
MLTY,7.0,0.07461017349213236
MRMT,7.0,-0.05324010006527259
NMR2,7.0,0.2817071736261392
NMR4,7.0,-0.0393453764860533
NMR5,7.0,0.022922768843393143
NMR6,7.0,0.29578359763375783
NMR7,7.0,0.12763699906973283
NMR8,7.0,-0.05286285911104829
OSMA,7.0,0.5704901101358963
PERB,7.0,0.8390397428125279
PHSR,7.0,-0.25403356726257265
POLA,7.0,-0.16799488439665342
RKY,7.0,-0.02015957132816447
RSDY,7.0,0.2039667041570863
RUZG,7.0,0.09423762866656928
SAUV,7.0,0.1754749326908997
SDAG,7.0,0.1294596484381297
SENK,7.0,0.177379801500023
SERE,7.0,0.2984315742575471
SERH,7.0,-0.0024151069960312334
SHUT,7.0,0.19298708135158651
SILT,7.0,0.2913411866732982
SIMA,7.0,0.0064669307668853435
SINE,7.0,-0.38452854008908277
SIRT,7.0,0.1357712127799826
SLVT,7.0,0.08120584273627715
SULT,7.0,0.23831144284489186
SUTC,7.0,-0.1300466023920734
SVAN,7.0,0.053790348340811416
SVRC,7.0,0.016345311531235876
SVRH,7.0,0.052635510198421845
SVSK,7.0,-0.2147523159696333
TASB,7.0,0.177776841397948
TKR,7.0,-0.033410555864730504
TOKT,7.0,-1.8031329849310793
URFA,7.0,0.07750604084764268
UVEZ,7.0,0.26282031268031525
VANB,7.0,-0.1803245315821773
VRTB,7.0,-0.1360121341088279
YALI,7.0,0.16551469127712914
YAYO,7.0,0.13109508180251175
YAYX,7.0,0.2583201943619986
YEDI,7.0,-1.6364533085011288
YER,7.0,0.02898858307145367
YESY,7.0,0.30957811254649104
YLV,7.0,0.08477482817132719
YOZ,7.0,0.19994487696987961
ADVT,10.0,0.055397535252572384
AFSR,10.0,0.10903718799106632
AKDG,10.0,0.2856977804225257
AKDM,10.0,0.13911858409507832
ANTB,10.0,0.2520071535636266
APMY,10.0,0.0203531222234521
ARGN,10.0,-0.15886376862069043
ARMT,10.0,0.13436176173200218
AYDB,10.0,0.14206998288744735
BABD,10.0,-0.0010452665666042988
BAKL,10.0,0.018352203596911438
BAYT,10.0,-0.22109496928183486
BCA,10.0,0.021915540455970484
BGKT,10.0,-0.050085254785279525
BLCB,10.0,0.033076173504731736
BLVD,10.0,0.0978461114855259
BNGB,10.0,0.019955185838912363
BNN,10.0,-0.09897825836989398
BODT,10.0,-0.05221615102354433
BOLI,10.0,-0.179692295889426
BOTS,10.0,0.007072228138756849
CAYL,10.0,-0.200012589662147
CEYT,10.0,-0.0860945187034892
CHBY,10.0,0.04202555493559166
CHOM,10.0,0.29716171353678106
CLDR,10.0,0.18634775518965324
CORM,10.0,0.05779940162452962
CTKS,10.0,-2.1743303787876656
CUKT,10.0,0.1350273986341092
DALY,10.0,0.06828228832829865
DARE,10.0,-0.10029219267608679
DAT,10.0,-2.937711729713878
DIKM,10.0,0.22987821950324056
DKL,10.0,0.011947542722080188
DYBB,10.0,0.14085333171714082
EDC,10.0,-0.026898256768653792
EDRB,10.0,0.07293865355830317
ELL,10.0,-0.10324745520284176
ENEZ,10.0,0.18106187286254297
ERIK,10.0,0.10115675440832553
ERZN,10.0,-0.05970103096048363
EZN,10.0,-0.06322884822517388
GADA,10.0,-0.08548431871574953
GAZ,10.0,-0.061441901495561356
GAZK,10.0,0.18969632382271287
GEDZ,10.0,0.22876508114989177
GERE,10.0,0.00038694686419324647
GULA,10.0,0.3414211628686133
GULT,10.0,0.3469941543628474
GURO,10.0,0.16107069037604688
HDMB,10.0,0.10458613535564752
HRTX,10.0,-0.031985044619140375
IKL,10.0,0.052946553658523667
ISK,10.0,-0.012681861549464006
KAMT,10.0,0.03002828707994169
KARA,10.0,-0.01794863540803978
KARO,10.0,0.2929983447823438
KBAN,10.0,0.30451474043181664
KCTX,10.0,0.029178262262397666
KDZE,10.0,-0.3905840758477222
KIZT,10.0,0.09735214898422302
KMRS,10.0,-0.1147709611346521
KONT,10.0,0.11538412542790859
KOPR,10.0,0.29376060362132184
KOZT,10.0,-0.1328199708773545
KRBG,10.0,0.0621651778386583
KTUT,10.0,-0.06493052085007471
KULA,10.0,-0.03715997259202068
KULU,10.0,-0.2908097661551071
KVT,10.0,0.04014910023705392
LADK,10.0,0.07181787036148828
LAP,10.0,0.1627206426784135
LMOS,10.0,0.14113975158671224
LOD,10.0,0.04038642170566468
MDNY,10.0,0.3426409200692012
MDUB,10.0,0.3191418028791218
MLAZ,10.0,0.28043615735785915
MLSB,10.0,-0.05561200010040245
MLTY,10.0,0.06063814198817079
MRMT,10.0,-0.07136799610513837
NMR2,10.0,0.25647942462513423
NMR4,10.0,-0.04676262253988958
NMR5,10.0,-0.0037358095801408335
NMR6,10.0,0.29661098913290174
NMR7,10.0,0.1251796608857216
NMR8,10.0,-0.06305117621759457
OSMA,10.0,0.5580006184048845
PERB,10.0,0.8900434904372208
PHSR,10.0,-0.2409218311880203
POLA,10.0,-0.21679071144027262
RKY,10.0,-0.042680809884321914
RSDY,10.0,0.1759793898473038
RUZG,10.0,0.06740836956619767
SAUV,10.0,0.1600556507650448
SDAG,10.0,0.10797940465114825
SENK,10.0,0.15378846970138746
SERE,10.0,0.23298030421868124
SERH,10.0,0.03235743165908974
SHUT,10.0,0.1929469504290198
SILT,10.0,0.26390565740929567
SIMA,10.0,0.03660641951258519
SINE,10.0,-0.3856723478651747
SIRT,10.0,0.19040823922230263
SLVT,10.0,0.023101662735713742
SULT,10.0,0.19716079681820511
SUTC,10.0,-0.12433862990679208
SVAN,10.0,0.028162955993627007
SVRC,10.0,0.037245926619994804
SVRH,10.0,0.0260876376688192
SVSK,10.0,-0.042149567173264776
TASB,10.0,0.20248316865392585
TKR,10.0,-0.05562668144708348
TOKT,10.0,-1.711314420723342
URFA,10.0,0.0338356087756749
UVEZ,10.0,0.34547438084931753
VANB,10.0,-0.20718459272490491
VRTB,10.0,-0.13585049409343475
YALI,10.0,0.17318770916566173
YAYO,10.0,0.08532156765415612
YAYX,10.0,0.24332632024788436
YEDI,10.0,-1.6188255153855131
YER,10.0,0.02346661231554762
YESY,10.0,0.4254822309833096
YLV,10.0,0.04936888391601591
YOZ,10.0,0.17053161635410755
