code,lat,lon,elev_m
ABT,40.6058,31.3208,1794
AKAS,36.2326,29.6052,1165
AKKT,40.7844,37.0135,1575
ATAB,37.4696,38.2949,551
AVNT,38.7784,34.8523,1541
AYDN,37.6608,27.8792,716
BALT,41.5341,33.3858,1746
BDRM,37.065,27.4435,350
BOTS,40.9902,27.9810,30
BOYT,41.4206,34.9036,1170
BSTP,37.9505,34.1083,1318
CDAG,39.6236,34.3719,1136
COBT,36.5197,36.2556,1710
CTKT,40.6231,34.7896,1650
DNZL,37.6897,29.0464,1716
DVR,41.1594,32.0075,960
ELDT,40.4893,33.4266,1584
ELZG,38.497,38.9849,1640
ERCT,38.8117,35.7883,1905
ERCT,38.6031,35.5142,1915
ERMK,36.6414,32.9113,1855
ERZC,39.9167,39.1183,2810
ERZM,39.9053,41.3658,2380
GDZ,39.0874,29.4815,1324
GOLH,37.2365,29.5591,1090
GRSN,40.9244,38.2681,536
GYN,40.3533,30.7264,1279
GZTT,37.1356,37.1375,1496
GZZT,37.1278,37.3458,1209
GZT,37.3553,37.5615,1021
HAKT,37.5579,43.7071,2153
HENT,40.8231,30.8992,583
KART,41.1697,34.3056,1946
KDAG,38.4028,27.2667,997
KDHN,38.5209,32.1143,1118
KRCT,41.0814,32.8792,1449
MANT,38.4908,28.5579,945
MARD,37.3132,40.7776,1290
MLTT,38.3542,38.3617,1170
MRFT,40.5036,33.4547,1500
MUGL,37.2075,28.4675,1465
NAL,40.2094,31.3092,1390
PERT,41.0792,37.7358,480
SEYT,39.5236,30.8538,1172
SGKT,40.5733,32.0561,1890
SVST,39.7722,36.9528,1665
TDAG,40.9903,27.5344,148
SART,40.6876,27.1777,680
TKTP,38.04,30.32,1788
TRHT,40.3497,36.1778,1190
ULDT,40.1416,29.1357,1720
URLA,38.3602,26.5956,495
TVAN,38.5235,43.4044,1970
YAMN,38.5531,27.1575,997
BEST,37.8911,41.27,959
BOZC,39.8417,26.0528,202
AYVA,39.3077,26.69,100
BTOK,39.7617,28.0311,407
KELT,40.1486,39.2556,1912
KAHT,37.6307,36.8734,1830
MEST,36.587,34.145,855
BNGL,38.9521,41.1499,1968
DIGO,40.4147,43.3742,2278
ARTV,41.1849,41.9283,2034
MACK,40.9432,39.7686,611
BORA,39.8801,30.4534,960
ELBA,41.1469,28.4307,331
AKHS,38.8788,27.8138,370
DYDN,39.5436,43.6889,2010
TUTA,39.4019,42.8137,2154
HOMI,40.0451,41.9048,2166
KOPT,40.0179,40.4972,2489
ANDN,37.58,36.3453,1142
KEMA,39.2688,38.4932,1026
PINB,38.6769,36.4027,2288
TATV,38.58,42.2672,1831
YAYL,36.0343,36.107,1225
GULE,37.2837,34.7765,1625
DIYA,37.9234,40.1208,838
YAYO,39.6113,27.0726,122
YURE,36.8259,35.6324,491
AKCD,38.2956,37.9224,1376
BALY,39.7403,27.6195,645
BOLV,38.7183,30.9502,1303
DURS,39.6011,28.4742,960
KHAL,38.3704,29.4914,1130
DEMI,39.0428,28.7162,920
GCAM,37.7139,27.2418,38
TURN,36.7753,28.2444,28
ILGA,41.0521,33.7165,2069
DBOC,41.3452,41.6667,578
DAGI,41.0778,41.9142,1188
DBAD,41.0183,41.6947,1139
DDEM,40.8925,41.7537,1425
KUZU,36.7735,37.075,701
TOKA,40.3232,36.4783,679
BALAT,39.5561,33.1198,1301
BBAL,39.5427,33.123,1312
KORT,37.0007,30.3503,1304
GAZI,36.2347,32.3157,394
ERBA,40.6814,36.7547,655
SUSE,40.2086,38.2025,1586
SCER,39.8613,37.1286,1428
GEVA,38.3122,43.0586,1672
SIRN,37.4962,42.413,968
KAST,41.4904,33.9286,677
HAVZ,41.0743,35.718,575
EUZM,39.7073,39.6975,1250
PALU,38.6943,39.9293,100
KIZK,36.4803,34.1437,165
EKAR,39.2559,42.064,2129
EPOS,41.5035,42.7279,1499
EAK,40.736,43.6073,1605
EATA,39.8622,42.4916,2770
KAMA,37.1861,36.6677,983
DAD,39.9081,32.7534,864
BALA,39.5561,33.1198,1301
BTAS,40.5706,30.9999,732
BCAM,40.8158,32.0656,1207
3801,38.6896,35.4999,1096
5102,37.9678,34.673,1229
ISPR,40.4873,41.008,1200
BAGO,37.9905,30.7886,958
CUALT,39.2734,36.7526,1471
CUKAN,39.3163,37.4667,1523
CUGUR,38.7237,37.2719,1401
CUSAR,39.4185,36.2444,1458
ECAT,39.6062,40.9742,1910
CAYS,40.6665,30.4315,290
ASA,40.6915,30.7199,230
TAS,40.6006,30.6147,400
YUT,40.8978,30.6001,150
DOK,40.5579,30.8467,635
KAR,40.927,30.2065,260
OFL,40.9573,30.3771,350
ESE,40.7729,30.2275,437
CND,40.7445,31.1771,950
EKI,40.544,31.0412,890
CIN,40.436,30.3057,1100
HEN,40.8214,30.8986,590
GOK,40.6052,31.1453,1090
AKC,40.9723,31.2089,680
NEV,39.954,27.263,329
GBZM,40.7866,29.4501,270
KMR,40.418,27.069,40
BOZ,40.534,28.782,119
ERE,40.0453,28.8913,657
IGD,40.2641,29.2015,165
KRC,40.2625,28.3323,443
YNK,40.8258,27.3967,370
SNL,41.2288,28.2092,173
KKZ,41.1269,27.3448,143
MAR,40.967,27.9617,41
KNL,40.2707,27.5261,178
ESKM,40.6069,28.9455,96
MADM,40.6538,27.6647,40
KVK,40.6041,26.8877,75
TRNM,40.5057,27.7786,80
SGTM,40.767,27.1081,295
MSDM,40.3495,28.6,201
SLV,41.0731,28.1403,30
ATIM,40.083,27.5633,230
BUY,40.8526,29.1175,231
CAM,38.7484,27.3125,279
DGB,38.0521,26.8826,22
BBD,37.8019,28.8528,888
BLN,38.6349,27.8219,348
CVD,37.7522,28.1066,386
HAR,38.3411,28.7992,901
YAK,38.515,27.3235,484
YEN,38.4058,27.9487,928
KON,38.465,28.5716,606
KTT,38.6883,28.093,493
UZP,38.0313,29.1746,1203
KRB,38.1342,28.4235,823
SUL,38.0536,28.7676,1194
YNC,37.8139,28.5726,248
DUV,38.22,27.4491,246
BEY,38.227,26.9271,336
DAG,38.004,27.7508,654
ZEY,38.2389,26.5033,76
BAG,38.6554,26.8519,89
CKO,37.0625,35.367,135
DED,36.9614,34.7993,479
IMO,37.2923,35.6438,128
DRY,36.8386,36.2496,187
NUR,37.1712,36.7569,570
AKO,37.4615,35.446,450
KRT,37.2595,36.2232,636
GZY,36.487,36.154,883
REY,36.2597,36.5988,250
KHM,37.5234,36.9909,614
KAH,37.8053,38.6101,766
GER,38.0315,39.0352,815
BES,37.7001,37.855,1010
PAL,38.6986,39.9176,1032
CLH,38.0156,38.2066,1304
PTG,38.26,38.6088,1784
MDN,38.3931,39.6821,1138
NAR,37.3919,37.1574,650
CGC,37.747,37.296,1114
CNG,38.2145,39.2995,1023
AKK,38.497,38.985,1650
FRT,38.684,39.1976,1100
CAY,37.1721,35.3182,116
HAS,36.7719,36.465,850
HCB,37.3438,36.908,516
AYK,37.4144,36.8067,580
MLTY,38.3257,38.4253,1050
0001,40.6681,35.8525,520
0002,40.6008,33.6018,805
0003,40.5783,34.9826,894
0004,41.4128,33.7913,694
0005,41.2647,36.3683,460
0007,40.3225,36.5466,680
0009,39.8118,34.8065,1358
0006,41.1436,35.4355,130
0008,40.5813,36.9555,720
0010,39.9081,32.753,850
ISP,37.84,30.51,1100
MALT,38.31,38.43,1120
ANTO,39.8689,32.7936,883
TROY,40.11,26.418,95
KLC,40.633,29.398,138
ALT,41.088,28.74,18
CMH,40.0115,27.9703,205
SDU,37.4765,30.9996,0
HNZ,37.7495,29.2696,797
DRP,39.3417,32.7422,1134
BKS,39.1961,33.2629,998
CEV,39.4517,33.5885,1029
SOF,39.2884,33.0964,975
OGB,39.6851,32.8304,1130
YAR,39.1704,32.927,1154
CARP,36.8415,29.1715,986
CKRZ,36.9732,29.1922,860
CELM,36.886,28.9968,815
CBCK,37.0379,29.3126,1250
CKCV,37.0925,29.2462,1102
CSKZ,37.0645,29.0769,745
CTSC,36.9352,29.2581,1052
CUZM,36.7155,29.2732,703
AUMIH,39.8679,31.4832,1416
AUSIV,39.4396,31.5397,1111
AUKUT,39.3955,30.0213,1085
AUKIR,39.2872,30.5308,1088
AUBOZ,39.9107,30.0325,853
CIBE,36.9873,29.4152,1112
CBAL,36.8551,29.4108,1373
BZG,40.1727,26.9865,180
CTK,40.6231,34.7897,1650
CUZAR,39.8882,37.7705,1425
GUL,37.2837,34.7763,1625
KOZ,37.4338,35.8198,118
MANS,38.4908,28.5578,961
MARK,36.2748,30.4356,999
MYC,41.0325,27.7133,99
OLTU,40.546,41.9734,1350
TOKT,39.7617,28.0311,407
VAN,38.5286,43.4061,0
STZ,40.9442,29.1267,30
SYY1,40.9442,29.1267,30
EADA,40.8212,29.2905,6
BLA,39.5559,33.1206,0
BAKC,37.9475,29.3084,900
IRLI,37.8831,29.1841,350
KOCA,37.8407,29.2088,345
SAZA,37.9613,28.9068,180
UZER,37.8912,29.0378,215
REFA,39.906,38.7651,1594
KERG,37.4146,34.1253,1365
KESN,40.8259,26.68,366
KULU,39.1713,32.9173,1178
KAND,41.0943,30.1922,75
BTMN,37.8911,41.2699,962
SURC,36.8793,38.6128,632
TNCL,39.1146,39.5422,1192
VMUR,38.9894,43.5716,1717
CALC,40.2548,34.986,1154
SAMS,41.361,36.1872,192
ORDU,40.991,37.8571,526
COAL,40.2548,34.986,1154
AVNS,38.8065,34.8474,1221
TBLG,41.7309,44.7382,540
AKHA,41.4101,43.4928,1720
KKUL,39.1713,32.9173,1178
SAHE,40.8525,30.8536,481
KEPZ,36.9015,31.604,615
KMER,37.7685,32.368,1231
BGOL,38.9881,40.6711,1166
BTIN,41.6361,32.2504,233
AKSY,38.6497,33.7607,973
YAHY,38.0947,35.363,1230
CTAK,40.6478,34.7914,1775
BASK,38.0474,44.0104,2412
CLDR,39.144,43.9172,2094
CUKT,37.2473,43.6077,1298
DALY,36.8162,28.6532,548
DAT,36.729,27.5778,1100
FETY,36.6353,29.0835,200
KONT,37.9453,32.3605,550
SVAN,38.1512,41.1985,0
VRTB,39.1603,41.456,1500
CMDR,40.4942,32.475,1305
KZIL,38.2575,30.1412,1202
BRDR,37.6963,30.0613,935
TAVA,37.4657,28.9132,1016
STEP,39.3767,27.7183,519
BAYC,39.7413,26.5469,349
GEYV,40.4842,30.2958,223
DOGA,38.1058,31.6682,1452
GULN,36.1836,33.5435,150
SAIM,37.9766,36.0823,1028
ADCV,38.808,42.7246,1774
SRTM,37.9911,41.9223,1145
HANI,38.4147,40.3994,923
SANL,37.1712,38.9892,505
ELBS,38.3243,37.1327,1260
YOVA,37.5871,44.2896,1946
HEKM,38.879,37.9591,1859
ODTU,39.8681,32.7935,1077
IGDI,39.8681,44.078,860
BAYB,40.2586,40.2576,2015
BTNK,41.6833,44.7988,579
SMV1,39.3403,29.2628,1008
SMV2,39.1086,29.0244,846
SMV3,39.1999,29.2757,924
SMV4,38.9966,29.1297,0
SMV5,38.9221,29.2467,831
SIMV,39.1086,29.0244,846
AKDA,40.1034,41.3636,1875
KBUK,41.2366,32.627,548
DELI,39.9979,33.9204,1169
YIGI,40.9631,31.4485,353
KIBS,40.4197,31.8524,1199
GUNE,38.9025,35.625,1235
SIRC,39.3363,35.1481,1241
KIRK,41.7817,27.0972,258
ZEDA,38.9665,27.0771,179
USAK,38.7143,29.0181,723
AFYO,38.7871,30.2988,1080
AKUM,36.3227,30.343,70
0704,36.2347,32.3156,394
KAGI,41.1384,34.4782,448
PELI,41.3005,33.3177,1057
KIRS,39.1329,33.9168,981
KRIK,40.3374,40.9271,2025
BLIS,38.4146,42.1152,1608
MUSM,38.724,41.5118,1357
SRCK,40.0416,30.6259,331
CIFT,39.3611,31.0625,892
BATM,41.604,41.6936,298
KZRT,41.3866,44.3987,723
AGRI,39.7176,43.0251,0
MERT,36.5869,34.1453,855
ELZ,38.4978,38.9844,999
AMSY,40.6371,35.8347,951
EMRE,40.0302,40.9762,2066
0707,37.0007,30.3503,1303
EJDE,39.8337,41.3035,3151
BBTK,39.8422,32.7603,1200
0104,37.024,35.8095,38
0110,36.568,35.3901,22
0122,37.4339,35.8202,119
0124,37.4087,34.8791,791
0118,37.0362,35.3184,76
0120,36.7701,35.7901,35
0123,37.0034,35.3438,23
0206,37.6887,37.8496,964
0207,38.0323,38.2476,1380
0204,38.029,39.0347,777
0202,37.7869,37.6528,1763
0205,37.7918,38.616,723
0201,37.7612,38.2674,671
0302,38.0599,30.1537,862
0301,38.776,30.534,1054
0308,38.437,30.2525,1056
0309,38.5261,31.2379,1006
0405,39.5493,44.0909,1593
0403,39.7989,42.6801,1809
0401,39.7198,43.0164,1647
0404,39.5388,42.7725,1565
6801,38.3709,34.027,980
0505,40.3925,35.5215,484
0501,40.6438,35.8039,405
0508,40.6371,35.8347,951
0603,39.5583,33.1186,1305
0601,40.1608,31.917,684
0618,40.4798,32.4555,1175
0602,39.4354,32.4959,1220
0617,40.4569,32.6319,991
0605,39.9081,32.753,850
0604,38.9625,33.524,971
0702,36.737,29.9205,1095
0712,36.3022,30.148,1
0705,36.1951,29.6474,25
0706,36.6029,30.5597,9
0708,36.3748,30.292,36
0709,36.8788,30.7215,47
0710,36.7866,31.4324,4
0701,36.8944,30.6667,42
0711,36.918,31.0876,35
7501,41.1061,42.7049,1831
0801,41.1768,41.8384,201
0912,37.9739,28.746,212
0916,37.8572,28.0503,81
0905,37.86,27.265,24
0913,37.9115,28.4654,93
0902,37.8455,27.7996,65
0914,37.9133,28.3431,82
0911,37.7616,27.3921,67
0915,37.8841,28.1506,74
1005,39.3113,26.686,4
1006,40.3319,27.9966,61
1008,39.3979,28.1273,148
1009,39.578,28.6323,649
1011,40.336,27.861,174
1013,39.5895,27.0192,22
1014,40.114,27.6424,33
1003,39.655,27.862,158
1017,39.6497,27.8572,262
1016,39.3804,27.6544,284
1015,39.2395,28.1714,234
7401,41.6331,32.3331,17
7402,41.6361,32.2504,233
7201,37.873,41.1511,597
1102,39.9043,30.0529,751
1101,40.1411,29.9774,532
1210,38.7501,40.5593,1018
1206,39.2935,41.0088,1825
1201,38.8971,40.5032,1133
1209,38.966,41.0499,1383
1303,38.7998,42.7631,1678
1302,38.4744,42.1591,1794
1304,38.5031,42.281,1676
1409,40.717,32.0636,1169
1402,40.7925,32.2059,1305
1403,40.3984,30.7898,825
1405,40.9381,32.076,623
1401,40.7457,31.6073,746
1408,40.4684,31.2099,831
1407,40.5776,31.0112,550
1410,40.7711,32.037,1002
1504,37.4582,30.5876,803
1506,37.1472,29.5086,1000
1502,37.7032,30.2209,874
1505,37.3161,29.779,1153
1628,40.2734,29.0959,143
1607,40.3944,29.098,9
1616,40.4498,29.2588,148
1609,40.4254,29.1666,2
1630,40.363,29.1221,74
1610,40.0671,29.5088,304
1611,40.4292,29.7168,95
1613,39.9151,29.2317,1060
1627,40.2257,29.0752,91
1618,40.351,28.9282,34
1614,40.0347,28.3939,41
1621,40.2269,28.9756,119
1631,40.4865,29.3081,120
1619,40.4224,29.2907,132
1622,40.196,29.0527,156
1623,40.2654,29.0334,78
1624,40.177,29.0567,366
1625,40.263,29.0991,106
1626,40.2403,28.9824,162
1632,40.4105,29.1793,194
1620,40.1824,29.1296,193
1703,40.2318,27.2629,24
1708,39.8419,26.0528,195
1704,39.7739,26.3456,68
1710,40.4233,26.6672,40
1712,40.404,27.3035,6
1701,40.1415,26.3995,1
1713,40.1622,26.4117,53
1707,39.9292,27.2591,275
1803,40.8149,32.8834,1137
1805,40.9311,33.6232,959
1802,40.6083,33.6104,726
1804,40.6124,33.0822,1243
1905,40.1668,34.8575,917
1901,41.1395,34.4858,447
1904,40.546,34.9368,768
1903,40.9763,34.8002,422
2008,37.8018,28.8528,689
2013,38.0448,28.8336,621
2014,37.0741,29.3464,1297
2005,37.8245,29.6681,863
2010,37.8044,29.24,368
2002,37.8125,29.1111,332
2012,37.7781,29.0843,395
2011,37.7372,29.1006,482
2015,37.9255,28.9288,161
2009,37.9134,29.038,156
2102,38.1374,39.4644,687
2101,37.9309,40.2028,692
8106,40.7671,31.1124,143
8104,40.8611,31.1804,152
8109,40.781,31.0144,123
8103,40.7861,31.2822,248
8105,40.9028,31.152,195
8108,40.8613,31.23,250
8107,40.8386,31.1129,143
8101,40.8436,31.1489,145
8102,40.8342,31.1644,160
2201,40.7245,26.0873,15
2202,41.6705,26.5859,67
2305,38.7278,40.131,600
2306,38.9595,40.0393,1100
2309,38.7983,38.7273,746
2304,38.721,39.8629,957
2302,38.3923,39.6754,1100
2301,38.6704,39.1927,1071
2307,38.6958,39.932,880
2308,38.4506,39.3102,1248
2410,39.7665,39.4672,1243
2408,39.6019,39.0345,1062
2409,39.2808,38.4911,897
2401,39.7418,39.5115,1198
2411,39.9702,40.0209,1732
2404,39.9063,38.7706,1579
2407,39.7767,40.3911,1417
2506,39.9173,40.6813,1639
2513,39.3624,41.706,1728
2507,40.0415,42.1736,1544
2508,39.9429,41.1102,1755
2514,39.2559,42.064,2129
2501,39.9032,41.262,1908
2509,39.8733,41.2227,1930
2510,40.3483,41.8626,1655
2505,40.5501,41.9952,1336
2515,40.5452,41.9729,1275
2511,39.9748,41.6723,1657
2512,40.5622,42.3456,1861
2607,39.8175,30.146,832
2608,39.5197,31.183,985
2610,39.822,30.4216,831
2611,39.7883,30.443,806
2612,39.7713,30.4017,836
2613,39.7936,30.5397,787
2614,39.7535,30.5558,854
2615,39.7403,30.6521,815
2616,39.7063,30.6189,917
2606,39.7487,30.4958,833
2601,39.8137,30.5284,789
2602,39.7893,30.4973,804
2603,39.8801,30.4534,967
2604,39.7733,30.5101,770
2609,39.4463,30.6966,999
2701,37.0255,36.6359,522
2703,37.058,37.35,840
2704,37.0088,37.8022,524
2702,37.1843,36.7328,538
2902,40.1244,39.4366,1416
2901,40.4487,39.4971,1164
3001,37.5744,43.7877,1732
3002,37.5783,44.2863,1884
3103,36.1159,36.2472,269
3105,36.8026,36.5112,459
3104,36.6929,36.4885,260
3118,36.5821,36.1849,10
3116,36.6162,36.2066,33
3120,36.5892,36.2057,102
3119,36.5753,36.1681,5
3112,36.588,36.1477,1
3113,36.5775,36.155,2
3115,36.5463,36.1646,180
3114,36.567,36.1514,6
3117,36.5571,36.1747,193
3121,36.6641,36.2183,5
3108,36.498,36.3661,139
3109,36.5838,36.4144,109
3101,36.2142,36.1597,85
3110,36.0816,35.9498,3
3111,36.3726,36.2197,111
7602,39.9264,44.0538,858
3202,37.7839,30.5654,992
3201,38.1048,30.5576,970
3412,41.0206,28.5782,13
3407,41.0582,29.0095,130
3411,41.0119,28.9761,34
3409,41.0265,28.7588,57
3405,40.9111,29.1567,17
3410,41.1719,29.6082,50
3408,41.0734,28.2557,31
3406,41.0226,29.1588,148
3535,38.7963,26.9632,17
3510,38.409,27.043,3
3531,38.2193,27.6457,93
3514,38.4762,27.1581,197
3537,39.1096,27.1706,52
3530,38.453,27.2244,35
3515,38.4649,27.094,4
3512,38.4009,27.1516,79
3517,38.3756,27.1936,136
3522,38.4357,27.1987,68
3528,38.3039,26.3726,17
3503,39.0739,26.8883,3
3534,38.6624,26.7586,13
3516,38.3706,26.8907,17
3506,38.3944,27.0821,26
3527,38.639,26.5128,60
3519,38.4525,27.1112,10
3508,39.0883,27.3747,71
3518,38.4312,27.1435,7
3525,38.3723,27.1084,106
3520,38.478,27.2111,184
3521,38.4679,27.0764,1
3533,38.2572,27.1302,127
3526,38.5782,26.9795,6
3513,38.4584,27.1671,2
3509,38.2157,27.9645,112
3511,38.4213,27.2563,76
3536,38.1968,26.8384,34
3529,37.9443,27.3675,15
3532,38.1591,27.3596,39
3523,38.3282,26.7706,76
3524,38.4969,27.1073,64
4613,37.5646,36.3576,962
4611,37.7472,37.2843,1097
4610,38.2037,37.1977,1133
4612,38.024,36.4819,1340
4609,37.5753,36.9151,572
4601,37.5387,36.9819,549
4606,37.3868,37.138,581
4615,37.3868,37.138,581
4607,37.4851,37.2978,771
4614,37.4804,37.2898,745
4608,37.3755,36.8384,499
4616,37.3755,36.8384,499
7801,41.2138,32.6525,302
7002,36.6401,32.8919,1285
7001,37.1717,33.2258,1060
3603,40.8459,43.3286,1691
3602,40.144,43.121,843
3605,40.6028,43.0821,1763
3604,40.3313,42.5899,2098
3702,41.4164,33.7969,755
3701,41.0132,34.0367,873
3802,38.4781,36.5036,1595
7901,36.7088,37.1123,640
7102,39.6682,33.6113,1171
7101,39.8497,33.518,754
3901,41.7377,27.2151,218
4001,39.1595,34.1615,754
4103,40.7858,30.025,126
4102,40.7846,30.0265,126
4104,40.6804,29.97,109
4105,40.6744,29.9694,177
4116,40.7196,29.8658,3
4114,40.869,29.4078,207
4119,40.7729,29.5206,73
4106,40.7863,29.45,198
4112,40.7245,29.84,10
4124,40.7831,29.6063,65
4123,40.7152,29.8479,5
4110,41.0691,30.1525,37
4111,40.6844,29.5888,30
4117,40.6989,30.0267,100
4118,40.7216,30.0781,57
4113,40.7768,29.7335,33
4115,40.7433,29.7802,7
4122,40.7483,30.0263,17
4121,40.7228,29.9699,39
4108,40.7602,29.9329,22
4107,40.7602,29.9324,12
4120,40.7676,30.0274,12
4125,40.7665,29.9172,77
4126,40.7625,29.9149,4
4127,40.7609,29.9047,3
4205,38.3384,31.4167,1020
4203,38.6549,32.9166,952
4201,38.1415,31.6852,1210
4202,37.9042,32.5158,1013
4204,38.8206,31.7258,1144
4308,39.1964,29.6197,1022
4306,39.3361,29.2491,853
4304,38.9948,29.4004,735
4301,39.4278,29.9916,932
4307,39.4053,30.0143,952
4305,39.0928,28.9785,828
4406,38.3439,37.9738,1050
4407,38.7807,38.2641,1165
4408,38.0962,37.8873,1215
4405,38.8107,37.9396,1147
4401,38.3489,38.335,998
4404,38.1959,38.8739,1255
4502,38.9112,27.8233,94
4503,38.3555,28.5143,200
4504,39.035,28.6481,853
4505,38.9398,28.2836,670
4501,38.6126,27.3814,106
4506,38.4831,28.1235,111
4508,38.7322,27.5574,38
4507,38.5075,27.7061,88
4701,37.3263,40.7237,930
4702,37.4171,41.3574,933
3302,36.1613,33.5758,17
3307,36.0819,32.8422,44
3303,37.1659,34.6004,1225
3301,36.781,34.6028,4
3306,36.6417,33.4396,317
3304,36.3823,33.9366,10
3305,36.9214,34.899,15
4809,37.033,27.44,25
4813,37.0647,27.4428,368
4812,36.7123,27.688,25
4803,36.6264,29.124,3
4811,36.9697,28.6868,17
4810,36.8394,28.2448,19
4801,37.2145,28.3561,638
4806,37.3025,27.7805,52
4807,37.3397,28.1369,684
4808,37.1392,28.2873,661
4903,39.0928,42.2731,1481
4904,38.7356,41.7742,1300
4906,39.1439,42.5308,1519
4901,38.7611,41.5039,1303
4905,39.1764,41.4455,1494
5001,38.6605,34.7332,1140
5101,37.832,34.9869,1496
5201,40.9751,37.9174,4
8003,37.0842,36.2694,122
8001,37.0842,36.2694,122
5402,40.6703,30.6225,52
5401,40.7362,30.3808,46
5502,40.9094,35.9025,916
5501,41.3268,36.305,10
5503,41.1377,35.4664,335
6304,37.3651,38.5132,617
6301,37.1681,38.8014,548
6303,37.7524,39.3291,800
6302,37.2342,39.7509,550
5601,37.912,41.931,890
7301,37.523,42.4534,1363
5805,39.273,36.747,1454
5804,39.1848,36.0807,1200
5807,38.7245,37.2896,1350
5806,40.3003,37.8252,856
5803,39.7438,37.0018,1285
5801,40.1693,38.1063,966
5802,39.8928,37.7479,1349
5907,41.1607,27.7918,172
5906,40.9734,27.9316,64
5905,40.9821,27.5479,64
5902,40.9793,27.515,42
5904,40.6149,27.1226,10
6005,40.698,36.5692,198
6001,40.3292,36.5552,590
6006,40.5984,36.9346,330
6004,40.3944,37.3291,485
6007,40.384,36.0717,550
6101,40.9938,39.6685,19
6201,39.0747,39.5347,901
6401,38.6726,29.404,920
6505,39.135,43.9011,2043
6513,38.4145,43.2682,1850
6506,39.0196,43.338,1681
6507,38.2963,43.1198,1696
6501,38.5035,43.4018,1745
6512,38.99,43.763,1712
6508,38.6573,43.9767,1994
7706,40.5131,28.8266,6
7707,40.6381,29.0788,59
7704,40.6576,29.2473,2
7703,40.6506,29.279,58
7702,40.59,29.2668,219
7701,40.5642,29.306,343
6602,39.6596,35.897,1386
6603,40.0674,35.4998,918
6601,39.8243,34.8159,1295
6604,39.4986,35.3693,1109
6605,39.8084,35.1876,1058
6701,41.4511,31.7788,50
ALN,40.9,26.05,110
GNI,40.15,44.74,1609
ATA5,39.9046,41.2448,1860
CAVS,40.6871,26.1685,67
ERZM,39.9045,41.3622,2380
AVDN,40.2933,29.1646,439
UNCK,40.1158,28.7221,515
STBT,40.1444,29.2383,726
YYLC,40.3036,28.8168,726
KAHM,37.5167,36.987,587
BALA,39.3521,33.0938,975
KZCM,40.4319,32.6704,1209
BYPZ,40.1668,31.9336,784
GLBS,39.7803,32.8145,1022
KRGN,40.2904,33.5486,844
SRFK,38.8551,33.7006,1134
ILGZ,40.9323,33.6625,939
MNGN,40.9381,32.0849,654
ESKP,39.5339,32.1829,968
KSKN,39.7104,33.6253,1295
SGAZ,39.5293,30.8387,958
ANDZ,39.5094,29.899,1122
BOYA,41.533,34.6806,443
BILE,40.1615,29.875,999
KAYN,40.9654,30.3405,130
OZAP,38.6614,43.9928,2058
PERV,37.9461,42.5417,1377
CKRK,40.0732,35.4998,991
VIZE,41.5785,27.84,345
ARMN,41.8639,27.4289,406
DEVR,41.1417,31.9724,388
NIDE,37.9999,34.7768,1420
MIDY,37.4063,41.3983,972
CAVK,40.6917,26.1677,97
ECEA,40.0445,26.1742,23
KKBE,37.2196,32.9404,1118
KOVA,38.7057,39.8126,1101
CIDE,41.8821,32.9471,27
ALIN,38.2985,32.8785,1073
BUHA,39.5011,27.0769,258
SEDI,37.4511,31.7549,1255
YVAC,38.2709,31.2395,1185
KOCA,39.5022,26.1383,292
ZEYE,38.239,26.5032,75
SLHN,38.9572,41.0239,1373
MULA,37.2561,28.3208,973
DDIM,37.4571,27.2414,93
CAEL,37.1229,29.3199,1386
KOTA,39.8022,43.2058,1822
BUCA,37.3277,30.5593,812
ALUC,40.3442,38.7698,1574
3418,40.8146,29.2755,5
SUTC,37.4765,30.9997,1100
HACI,39.7029,35.7308,1158
ASUZ,36.2917,35.7847,9
DRNR,41.1732,41.8723,440
CUAYA,39.2655,36.7463,1509
KRTK,40.5904,29.2092,124
TESV,40.6353,29.0819,23
BOZB,40.5346,28.7823,72
TUZL,40.8151,29.2744,8
ESNK,40.5962,28.9221,15
BUAD,40.8401,29.1232,46
SIVA,40.8768,28.9722,7
BKR,41.7337,43.5032,1798
PASA,38.348,29.4877,979
KRSK,40.3993,29.2558,221
KURT,40.5905,29.2092,122
0125,37.0152,35.7958,25
0119,36.568,35.3901,22
0208,37.7869,37.6528,1763
0310,39.0052,31.144,1005
0311,38.5329,30.5437,1145
0510,40.8815,35.2034,846
0506,40.6438,35.8039,405
0507,40.8797,35.4588,757
0509,40.7599,36.3205,214
0620,40.0181,32.3291,940
0623,39.9689,32.7271,830
0624,39.8861,32.8561,1088
0621,40.2294,33.0289,995
0631,40.2409,33.0319,995
0627,39.9818,32.625,815
0619,39.9055,32.7571,851
0629,39.7825,32.8064,1021
0630,39.9249,32.8469,966
0622,39.5834,32.1628,889
0625,39.964,32.5828,833
0628,39.8862,32.6916,904
0713,36.5429,32.0043,1
0714,36.5555,31.9867,12
0716,36.2685,29.4128,78
0717,36.9495,30.6419,194
0715,36.4878,32.0963,15
0917,37.6052,28.0584,81
0918,37.3697,27.2643,47
0919,37.5595,27.8355,108
0910,37.8455,27.7996,65
0920,37.5604,27.3749,58
1019,39.498,26.9753,55
1018,40.4093,27.7878,21
1020,39.9171,28.1641,53
6901,40.2623,40.2101,1614
1213,39.231,40.4774,1500
1211,38.9662,41.0504,1383
1212,39.4337,40.5477,1523
1411,40.6846,31.6175,720
1412,40.4562,31.2094,893
1507,37.4942,30.1336,1119
1508,37.0363,29.8214,1412
1629,40.4254,29.1666,2
1633,40.2147,28.3632,59
1716,39.5997,26.4076,256
1717,40.1818,26.3578,11
1714,40.1129,26.4221,128
1715,40.3632,26.6923,24
ADVT,40.4332,29.7383,193
AFSR,39.4468,33.0707,1055
AGRB,39.5755,42.992,1820
AKDM,38.3285,42.98,1662
AKS,38.8785,27.8129,385
ALAN,36.557,32.0327,215
ANTB,36.8998,30.6538,20
ARMT,40.5683,28.866,320
ARPR,39.0929,38.3356,1522
AYDB,37.9467,27.8908,1246
BALB,39.64,27.88,120
BASM,37.9194,30.035,1012
BAYT,40.3937,40.141,1680
BBRN,36.6797,28.0587,194
BCA,41.445,41.6223,500
BCK,37.461,30.5877,859
BGKT,41.181,28.773,80
BLCB,38.3853,27.042,150
BNGB,38.9913,40.6792,1180
BNN,38.8522,35.8472,1380
BODT,37.0622,27.3103,379
BOZY,36.1069,32.9763,9
BZK,41.96,34.0035,158
CAND,38.9542,26.8031,157
CANT,40.6062,33.6197,815
CAVI,40.2018,29.8377,670
CESE,38.3306,26.2997,95
CEYT,37.0107,35.7478,100
CHAY,41.0918,40.7253,60
CHBY,38.5823,32.8902,1086
CHOM,41.097,40.7612,422
CLDR,39.144,43.9172,2094
CMRD,37.6623,34.9902,1427
CORM,40.1785,34.6302,1292
CRLT,41.129,27.736,230
CTKS,41.2373,28.5072,47
CTYL,41.476,28.2897,77
CUKT,37.2473,43.6077,1298
CUND,39.336,26.6663,10
DALY,36.8162,28.6532,100
DARE,38.5712,37.4832,1080
DATC,36.7584,27.6602,94
DEMR,36.2365,29.9056,168
DENT,37.7539,29.0331,621
DIDI,37.3767,27.2398,75
DIKM,41.6497,35.2578,261
DKL,39.0713,26.9053,35
DORT,36.826,36.1968,27
DST,39.6041,28.6267,693
DYBB,37.9532,40.1393,657
EDC,40.3465,27.8618,257
EDRB,41.847,26.7437,209
ELL,36.7483,29.9085,1230
ENEZ,40.7362,26.153,100
ENZZ,40.607,26.1406,11
ERCV,39.0198,43.3381,1679
ERIK,40.6708,26.5132,38
ERZN,39.5867,39.722,1317
ESKT,39.5212,30.8492,1295
ESPY,40.9167,38.7273,430
EZN,39.8255,26.3247,48
FETI,36.6903,29.0968,11
FETY,36.6353,29.0835,200
FOCM,38.7131,26.7309,34
GAZ,37.1722,37.2097,992
GEDZ,39.0445,29.4105,883
GELI,40.398,26.4742,126
GEMT,40.435,29.189,220
GLHS,37.156,29.4983,1100
GMLD,38.0764,26.8747,10
GOMA,38.7077,27.9175,110
GONE,40.0466,27.686,143
GPA,40.285,30.3167,570
GPNR,39.4552,26.1329,570
GRDE,40.7995,32.2116,5
GULA,38.3444,34.236,1126
GULT,40.432,30.5156,942
GUMT,40.4675,39.478,1326
GURO,38.5509,42.0322,1388
HDMB,36.964,32.486,1946
HOPA,41.3867,41.4458,100
HRTX,40.801,29.673,573
IKL,36.2367,33.6845,126
ILIC,39.4518,38.5675,1295
ISK,41.0657,29.0592,132
IZI,40.3368,29.4728,910
KAMT,39.3692,33.7124,1120
KARA,37.2607,35.0547,366
KARO,39.3089,41.0493,1820
KARS,40.6152,43.0937,1747
KAVV,41.0638,29.06,139
KCTX,40.2627,28.3353,445
KDZE,41.3132,31.443,410
KEMT,36.6037,30.5559,10
KHL,38.3232,29.5286,1003
KHMN,37.3916,37.1574,640
KIYI,41.4844,28.3,23
KIZT,38.8808,31.7163,1222
KLYT,41.253,29.042,30
KMRS,37.5053,36.9,590
KONT,37.9453,32.3605,1100
KOPR,39.9917,41.8535,1675
KOZT,37.4805,35.8268,381
KRBG,40.3932,27.2977,79
KRBN,38.5936,26.5537,135
KRTD,36.5934,35.4157,47
KRTS,36.573,35.375,53
KTUT,40.987,39.7667,171
KULA,38.5145,28.6607,915
KULU,39.0343,33.0023,1120
KURC,41.8456,32.743,143
KUSD,37.86,27.2815,323
KVT,41.0807,36.0463,649
LADK,38.2,32.3648,1168
LAP,40.3703,26.7593,230
LOD,39.8893,32.764,902
MALT,38.3134,38.4273,1112
MASR,41.7596,32.4658,325
MAZI,37.4593,40.4465,1204
MDNY,40.371,28.8847,116
MDUB,40.4712,31.1977,1109
MERS,36.8678,34.522,750
MLAZ,39.141,42.5496,1581
MLSB,37.2953,27.7767,500
MNVG,36.7935,31.4161,24
MRMT,40.609,27.5832,213
MRSB,36.7161,28.1969,402
NIG,38.108,34.6142,2270
ORLT,40.0452,28.8914,650
OSMT,40.601,29.7,798
PHSR,41.6308,27.5238,263
PRSB,41.1044,37.7753,100
PTK,38.8923,39.3923,1835
RKY,40.6875,27.1777,687
RSDY,40.3972,37.3273,550
SAFT,41.2398,32.6872,406
SARI,38.4072,36.4182,1673
SAUV,40.7402,30.3272,170
SENK,40.5615,42.3507,1939
SERE,38.9463,33.564,1216
SHAP,39.0231,29.222,1050
SHUT,38.553,30.551,1215
SILT,41.153,29.643,100
SIMA,39.0833,28.9825,984
SINP,41.9817,35.0966,100
SIRT,37.501,42.4392,1038
SLFK,36.3926,33.9465,54
SLVT,41.23,28.21,180
SMAA,39.1005,28.9805,804
SPNC,40.686,30.3083,190
SULT,38.1988,33.5157,982
SVAN,38.1512,41.1985,650
SVRC,38.3775,39.306,1680
SVRH,39.447,31.523,1000
SVSK,39.9175,36.9925,1630
TAHT,36.3755,36.1855,278
TASB,39.9839,44.2384,849
TKR,40.9902,27.5357,140
TOKT,40.3173,36.5445,726
TOS,41.0362,34.0225,1046
TVSB,39.4497,29.4615,1090
UKOP,41.1288,26.6322,66
URFA,37.441,38.8213,938
VANB,38.509,43.4058,1227
VRTB,39.1603,41.4558,1498
YAYX,38.9387,33.8115,1142
YEDI,39.4377,40.5443,1557
YER,37.1362,28.2858,729
YESY,37.7825,33.7432,1206
YKAV,37.1246,27.2801,115
YLV,40.5658,29.3708,879
YOZ,39.6376,35.3152,1422
YUNK,38.806,31.7626,5
YUVA,40.391,31.6872,1164
TRML,40.6094,29.1735,150
SFRN,40.6061,29.2418,110
ESNK,40.6276,28.9751,198
YGTL,40.1761,29.0234,591
1807,40.8435,33.2585,1144
1806,40.601,33.6019,794
1907,40.1745,34.8577,925
1906,40.5211,35.2998,792
1908,40.157,34.3825,762
2017,37.4335,29.3502,906
2018,37.233,28.8948,705
2016,37.8044,29.24,368
2019,37.442,28.8438,1055
2020,37.5711,29.0694,958
2105,38.3581,40.0713,873
2104,38.2644,39.759,919
2106,38.4616,40.647,1006
2103,37.9441,40.3127,730
8110,41.09,31.1428,8
2203,40.8681,26.6319,55
2204,41.2932,26.6899,51
2516,39.6153,40.9756,1919
2517,40.5502,41.9951,1313
2705,37.0118,36.6206,574
2706,37.1843,36.7328,538
3125,36.2381,36.1326,156
3126,36.2202,36.1375,123
3136,36.1159,36.2472,269
3135,36.4089,35.8831,3
3131,36.1912,36.1633,203
3134,36.8276,36.2049,29
3128,36.2056,36.1471,104
3127,36.21,36.1353,121
3124,36.2387,36.1722,84
3139,36.5838,36.4144,109
3130,36.1792,36.145,86
3138,36.8026,36.5112,459
3137,36.6929,36.4885,260
3123,36.2142,36.1597,85
3142,36.498,36.3661,139
3132,36.2067,36.1716,104
3133,36.2432,36.5736,170
3140,36.0816,35.9498,3
3141,36.3726,36.2197,111
3129,36.1912,36.1343,106
3122,36.0343,36.107,1225
3419,41.061,29.358,66
3420,41.0589,29.3563,28
3413,41.0943,28.9482,70
3415,41.0273,28.7585,67
3417,40.9547,29.2563,224
3416,40.9747,28.8364,30
4624,37.5361,36.9177,466
4617,37.5855,36.8303,544
4623,37.5692,36.934,523
4618,37.6001,36.8723,831
4622,37.5843,36.9776,635
4625,37.5387,36.9819,549
4621,37.5935,36.9291,655
4626,37.5753,36.9151,572
4619,37.587,36.8662,633
4620,37.5857,36.8985,698
7802,40.9563,32.5322,709
7103,39.9403,34.0327,684
3903,41.8815,27.9853,16
3902,41.3571,27.3248,47
4002,39.3652,33.7126,1112
4129,40.7175,30.1122,40
4130,40.7545,29.3879,22
4128,40.7249,30.0244,47
4208,37.678,31.7466,1143
4206,37.5251,34.0484,1032
4207,37.4268,31.8489,1148
4311,38.8524,29.9812,1237
4309,39.0928,28.9785,828
4310,39.5384,29.4939,833
4815,36.6886,28.046,10
4816,36.7718,28.7986,20
4817,37.2401,27.6031,10
4818,37.444,28.3575,897
4822,37.4417,27.646,128
4823,37.4418,27.644,129
4819,37.0313,27.9712,10
4814,37.3991,27.6567,63
4820,36.6485,29.3543,139
4821,37.1055,28.4139,615
8002,37.1916,36.562,593
5406,40.6703,30.6225,52
5404,40.5191,30.2932,82
5405,40.7961,30.7352,173
5403,40.6908,30.27,45
5504,40.9723,35.6692,680
7302,37.3315,42.2104,407
5810,39.3704,38.1179,1037
5809,39.2308,37.3824,1546
5811,39.3616,36.4129,1238
5808,39.8662,36.5932,1381
5909,41.2898,27.9831,163
5908,40.9821,27.5479,64
5910,40.9811,27.4861,49
6008,40.3743,36.8938,881
6202,39.486,39.8998,1525
6402,38.4076,28.9766,822
7712,40.6929,29.5088,4
7711,40.6594,29.3271,12
7708,40.6576,29.2473,2
7710,40.59,29.2668,219
7709,40.5593,29.3259,432
AKPI,39.5039,33.9967,1066
MAYA,38.3253,38.4253,1067
AKCA,37.7942,37.6882,1067.5
HANM,37.5799,38.8805,599
RHAN,36.2594,36.6022,260
NZIP,37.0432,37.6747,925
KURO,38.734,30.9336,1198
BOZK,40.5906,42.9763,1892
CNKL,40.0662,26.3872,109
DNIZ,37.6256,29.0384,1005
KARB,38.6635,26.412,207
IZZE,36.4368,29.2256,305
BAND,40.3553,28.0992,291
BKES,39.733,27.9293,324
AHAN,41.1639,42.6244,1844
AZEY,37.8105,38.2491,815
NARI,37.884,38.7612,868
IZDR,40.7858,40.5616,793
MCUR,39.1616,34.5283,1195
SUSU,40.3396,30.8438,929
HISA,40.466,29.9217,885
SEMS,40.871,29.7391,350
IZMR,38.1367,27.9522,168
SEYI,41.6357,33.7416,1056
DERS,40.8516,32.5506,1182
BOLU,40.7792,31.6766,907
KHMR,37.3439,36.908,525
KONA,39.7792,41.228,3093
ETEKE,39.7944,41.1379,2137
DORK,39.3872,42.7802,1714
DOMA,39.7859,29.6952,1041
EMET,39.3755,29.3205,1096
GOLE,40.8363,42.5975,2031
BNAZ,38.679,29.8795,1206
INCE,37.7091,29.5753,1026
KNIK,36.8454,29.573,1188
SABU,36.8233,28.9686,476
UCKU,38.6357,31.4253,1141
YAZI,36.6813,27.4531,207
KIRA,38.1966,28.4005,1089
ESEN,37.7981,28.3484,92
YOZG,39.7802,34.7959,1370
SUNG,40.189,34.2462,772
CBEY,38.6899,32.7823,1037
BSIR,38.2691,34.2905,1240
YENC,40.6813,33.8437,999
KESK,39.6347,33.581,1015
HASA,36.7502,36.4871,480
IZMD,38.9842,26.9281,1021
BLKS,39.8745,27.9684,437
DNZT,37.2787,29.0248,1021
AFYN,38.2714,30.5027,1233
EKONA,39.7792,41.2279,3092
BZGM,40.1728,26.9865,180
KLCM,40.633,29.398,170
SNLM,41.228,28.209,173
0703,36.3022,30.148,1
3106,36.5923,36.1583,2
5901,40.9582,27.4966,2
7705,40.6587,29.2796,3
1706,40.4042,27.3061,6
4133,40.7065,29.6936,6
6703,41.29,31.4092,9
1638,40.3612,29.0333,10
3107,36.5821,36.1849,10
5301,41.0397,40.5012,10
1637,40.4763,29.0946,11
1702,40.1525,26.4191,13
3504,38.6624,26.7586,13
2801,40.9066,38.3612,15
3501,38.4594,27.1669,15
5903,40.973,27.9503,15
4804,36.9697,28.6868,17
4805,36.8394,28.2448,19
0718,36.2678,32.317,21
1024,40.0475,27.974,25
4802,37.033,27.44,25
3404,41.0732,28.2557,30
5505,41.2039,36.7287,30
0922,37.8537,27.7082,34
3502,38.4551,27.2267,35
0105,37.0267,35.8162,36
1705,40.4233,26.6672,40
3403,41.0265,28.7587,55
5407,40.7029,30.358,57
0921,37.8747,27.5922,66
4132,40.8305,29.3813,67
0909,37.8841,28.1506,74
1606,40.363,29.1221,74
4101,40.7665,29.9172,77
1719,40.0293,27.05,80
0904,37.8572,28.0503,81
0908,37.9133,28.3431,82
1718,39.8133,26.5862,89
5408,40.4543,30.0487,89
1007,40.3414,27.9423,90
3539,38.1023,27.7211,90
1601,40.2257,29.0752,91
1612,40.4416,29.7169,92
0907,37.9115,28.4654,93
6702,41.2248,31.9667,94
5409,40.5059,30.1561,95
0121,37.4336,35.8208,103
4509,38.7075,27.9199,103
3421,40.8902,29.1836,105
3422,40.8902,29.1836,105
3423,40.8902,29.1836,105
1723,40.0662,26.3872,109
1104,40.3574,30.0183,113
1023,39.6825,28.1666,117
1636,40.2171,29.1946,118
7713,40.5905,29.2092,122
3402,41.0634,29.0622,127
3401,41.0582,29.0095,130
1615,40.4224,29.2907,132
1605,40.2734,29.0959,143
0635,40.2126,32.2445,144
1721,39.5435,26.1905,147
2007,37.9325,28.9229,157
1720,39.5288,26.1206,160
3538,38.3187,27.1234,168
3540,38.1367,27.9522,168
1635,40.4497,29.2587,169
1603,40.1824,29.1296,193
1604,40.1831,29.1273,193
1608,40.4105,29.1793,194
4511,38.24,28.6912,208
2021,38.1142,29.0346,210
2022,38.1152,29.0345,210
2617,40.0275,30.5724,211
0903,37.9739,28.746,212
1617,40.4941,29.2993,218
1641,40.2769,29.6525,235
0128,37.2503,35.0628,236
1021,39.7474,27.5762,248
1639,40.3776,29.5418,250
1012,40.3465,27.8618,257
1001,39.65,27.8569,262
1022,39.5817,27.4936,262
2023,38.1154,29.0349,269
3703,41.2456,33.3284,282
5703,41.4648,34.7832,288
8111,40.9614,31.4487,330
4131,40.8205,29.9219,366
0502,40.6683,35.8528,419
1902,40.9763,34.8002,422
2001,37.7622,29.0922,427
3143,36.8489,36.5571,430
1025,39.8745,27.9684,437
4512,38.7422,28.8652,440
1640,39.9112,28.9868,465
2707,36.9309,36.5738,487
4629,37.2874,36.7887,494
4632,37.256,36.7737,507
3144,36.7575,36.486,509
0512,40.8154,35.6631,519
4633,37.3439,36.908,525
2709,37.1285,36.6705,531
4630,37.3449,36.806,531
1103,40.2822,30.3083,538
2708,37.0993,36.6484,554
4603,37.58,36.9306,562
4602,37.5753,36.9151,572
0209,37.5776,38.4825,613
0127,37.8162,35.9204,614
5506,41.0782,36.0479,620
2003,38.0448,28.8336,621
1106,40.1769,30.5209,626
4627,37.3919,37.1574,650
1413,40.9386,32.0741,658
4510,38.5461,28.6431,665
1105,40.0231,30.179,667
1010,39.6041,28.6266,690
3145,36.6454,36.4064,695
3146,36.4908,36.227,698
0511,40.7857,35.0285,707
0634,40.1061,33.416,710
2107,38.1459,39.4838,714
0210,37.7863,38.2544,741
1404,40.3966,30.7831,744
2618,39.7668,30.9585,766
2605,39.723,30.533,770
0637,40.1674,31.9213,785
8004,37.3799,36.0976,819
1634,39.7763,28.8821,821
1406,40.4684,31.2099,831
0126,37.5455,35.3919,834
0626,39.9905,32.6953,836
2025,38.2957,29.7366,837
2024,38.0868,29.3954,844
0640,40.0972,33.4084,850
1503,37.46,30.5884,850
4513,39.1892,27.6171,862
4314,39.8063,29.6174,873
5203,40.677,37.3867,884
0609,39.3152,33.206,897
6403,38.7361,29.7568,921
3203,37.8215,30.874,926
0607,39.4634,33.2173,927
0614,39.464,33.217,927
1808,40.9248,33.6282,938
4302,39.4193,29.9972,938
4003,39.6025,34.4161,939
3204,38.118,31.0162,943
1501,37.722,30.294,957
4604,37.5701,36.3574,965
0606,39.2884,33.0964,978
0613,39.288,33.097,978
5812,40.088,38.3457,985
0638,39.5538,33.1225,987
0632,40.184,31.3627,989
0312,38.7189,31.0401,997
2303,38.6958,39.9319,1000
3205,37.9302,30.2961,1001
3704,41.5161,34.2108,1002
4313,39.196,29.62,1012
2415,39.461,38.5549,1018
2026,37.2787,29.0248,1021
3541,38.9842,26.9281,1021
4312,39.0578,30.1065,1028
0313,38.5935,31.0268,1036
0610,39.4526,33.7188,1051
1909,40.7253,34.4675,1080
2620,39.4472,31.5351,1081
0633,39.9214,33.2244,1099
0314,38.7442,30.2465,1117
0636,38.938,33.5401,1132
1205,38.8971,40.5032,1133
4605,38.2037,37.1977,1133
1801,40.8149,32.8834,1137
3805,38.1054,35.3578,1183
0639,40.4698,32.6506,1211
4403,38.0962,37.8873,1215
2520,40.4881,41.0088,1224
4628,38.2412,36.9228,1228
0315,38.2714,30.5027,1233
2412,39.592,39.6922,1238
3803,38.3949,35.4791,1271
2619,39.8585,31.4926,1277
7104,39.6731,33.6136,1291
0608,39.5561,33.1198,1294
0615,39.556,33.12,1294
2004,37.0741,29.3464,1297
2414,39.7951,39.4186,1301
0611,39.5485,33.1247,1303
5813,40.214,37.5402,1303
5814,40.0618,38.6036,1320
5202,40.8021,37.0151,1323
0612,39.5485,33.1247,1345
2519,40.8266,42.1326,1345
2803,40.2952,38.427,1359
1208,38.9677,41.0536,1382
2405,39.466,40.2347,1417
4631,37.9663,37.4277,1421
2406,39.7767,40.3839,1429
2904,40.1908,39.1185,1443
0129,38.2592,36.2109,1456
2802,40.332,38.7603,1461
4902,39.1439,42.5307,1519
2413,39.8077,40.0386,1522
3804,38.7227,36.3779,1524
5103,37.8323,34.9909,1536
2503,40.0415,42.1736,1545
2518,39.9072,41.2774,1571
2403,39.8993,38.7685,1587
0402,39.5493,44.0909,1593
2903,40.2084,39.6586,1594
1301,38.5031,42.281,1676
6509,38.5201,43.3596,1688
6502,38.9901,43.768,1712
6503,38.9901,43.763,1712
6504,38.9901,43.763,1712
3601,40.6028,43.0821,1763
6511,38.317,43.479,1800
6510,38.4145,43.2682,1850
7503,40.7912,42.6052,2022
0101,37.044,35.226,0
0102,37.0579,35.367,0
0103,36.9958,35.3706,0
0106,36.908,35.567,0
0107,37.033,35.633,0
0108,36.876,35.617,0
0109,37.178,35.689,0
0111,37.0185,35.2254,0
0112,36.8716,35.4763,0
0113,36.9555,35.6273,0
0114,37.1758,35.6929,0
0115,37.0812,35.4544,0
0116,37.1047,35.4626,0
0117,36.8384,35.2411,0
0203,37.7903,37.6606,0
0303,38.0715,30.162,0
0304,38.067,30.171,0
0305,38.0664,30.1597,0
0306,38.0534,30.1355,0
0307,38.076,30.178,0
1002,39.6392,27.8936,0
1004,39.6219,27.8877,0
1202,38.919,40.41,0
1203,38.858,40.577,0
1204,38.885,40.504,0
1207,39.34,40.28,0
1602,40.1941,29.0509,0
2006,37.825,29.668,0
2402,39.7515,39.4866,0
2502,39.906,41.256,0
2504,40.043,42.173,0
3102,36.213,36.159,0
3505,38.6681,26.7521,0
3507,38.3039,26.3726,0
4402,38.35,38.34,0
7502,41.1116,42.7013,0
7601,39.9264,44.0538,0
0901,37.8366,27.8381,46
0600,39.9081,32.753,850
0503,40.6668,35.8348,0
6002,40.3,36.57,0
EDAM,39.8954,41.2587,1925
BYAT,38.9469,30.9831,1164
CTIK,39.0298,31.639,935
MKCC,39.1312,40.2246,1681
MAYK,38.7341,40.3625,1140
MKEM,39.7576,39.0536,1573
MTER,39.7569,40.3458,1543.4
MARP,38.8411,38.5109,1100
MDIV,39.3212,38.0448,1219
MBOZ,40.056,38.6529,1479
MIMR,39.8613,38.1738,1687
MCKZ,39.1189,38.9753,1514
MILC,39.5608,38.6396,1477
AYAZ,40.679,34.8574,1122
GOKD,40.0728,33.4753,902
IMRA,40.5639,28.5285,125
1656,40.5639,28.5285,125
SATE,41.013,29.2859,144
CATL,41.3407,28.3561,375
MADA,40.5892,27.554,112
MURA,41.1509,27.4858,107.5
GOKT,40.6617,26.6266,176
LAPS,40.2522,26.8386,450
MHAV,37.7737,37.9104,778.8
MYES,37.9729,38.4039,1115.2
MDUR,38.4319,39.4749,1303.4
MSAY,38.5903,39.2104,987.8
MTYK,37.0135,37.0627,781.2
BEYE,38.227,26.9271,336
DAGE,38.004,27.7508,654
MGUN,38.1669,38.8585,1507
MENG,37.7759,37.2636,1440
KKOY,38.2917,40.5086,963
DCES,38.2792,26.2336,25
DSLC,37.8457,27.3863,205
DEUN,38.369,27.2141,235
DDKL,39.2068,26.8233,116
DKRZ,38.1243,28.4265,735
AMAZ,37.0302,27.6752,297
ACFT,37.1351,27.8099,415
ACML,37.2338,28.008,809
ASRN,37.0762,28.1354,733
AFDL,37.2817,28.6091,732
AKVC,37.1003,28.6465,474
ACOR,36.9929,28.4643,109
ADGY,36.8382,28.1519,20
AEMC,36.7806,27.9228,116
TRC1,38.4636,35.3281,2102
TRC2,38.5425,35.5331,2202
TRC3,38.59,35.4669,2102
MTOP,38.0984,37.8538,1397
MKAM,38.3226,38.6819,1365
MGNB,38.286,38.2621,1065
MGND,37.4714,37.4205,1055
MIND,37.2643,36.6412,1105
SARY,41.1344,29.0272,130
BIRL,40.9755,28.8368,13
TMP1,36.3596,35.8362,95
TOPK,37.0608,36.135,77
OZDE,38.0178,27.1257,145
DKIZ,38.3135,27.3906,324
ARTU,37.3462,40.6336,1061
TASL,36.6346,28.099,245
TMAL,40.947,27.0037,127
TKOY,40.6752,27.1829,349
AVCA,41.8995,27.8502,231
EYUP,41.1173,28.9391,81.5
LALA,41.9186,26.6715,337
DOGU,39.6556,44.0437,1571
SAPH,38.892,29.1629,1047
SNCT,41.0131,29.2859,139
SNKY,40.5725,42.3394,1820
KOZL,38.175,41.5677,783
SCAK,39.0948,40.391,1627
RFAH,39.9379,38.756,1769
PURS,39.2313,28.2036,380
ARNA,41.347,28.6838,55
SIVE,37.803,39.5585,1155.8
VSEH,37.4967,39.8145,1100
ISIL,41.1489,29.5805,36.2
IDIL,37.2716,41.7949,927.8
DBAK,38.0643,39.99,742.9
SILP,37.2611,42.4771,616.9
ERUH,37.7815,42.1611,1366.7
BEYT,37.5738,43.1685,1680
MALZ,39.1521,42.4796,1529
GENC,38.6622,40.4993,1314.8
TERC,39.7867,40.446,1619.4
PBAS,38.6438,36.2575,1511.7
AHLT,38.7035,42.3278,1893.6
